clues,claveJurisdiccion,claveMunicipio,claveLocalidad,nombre
CSSSA000016,0707,07001,070010062,"NUEVA REFORMA"
CSSSA000021,0707,07001,070010113,"FLOR DEL CARMEN"
CSSSA000033,0707,07001,070010131,"LAS BRISAS"
CSSSA000045,0701,07002,070020001,"H. B. C. DR. MANUEL VELASCO SUAREZ ACALA"
CSSSA000050,0701,07002,070020001,"VILLA DE ACALA"
CSSSA000062,0701,07002,070020074,"CRUZ CHIQUITA"
CSSSA000074,0701,07002,070020087,"LUIS ECHEVERRÍA ÁLVAREZ"
CSSSA000086,0707,07003,070030001,"CENTRO DE SALUD ACAPETAHUA"
CSSSA000091,0707,07003,070030006,"BARRA DE ZACAPULCO"
CSSSA000103,0707,07003,070030061,"EJIDO LAS MURALLAS"
CSSSA000115,0707,07003,070030093,"LAS LAURAS"
CSSSA000120,0707,07003,070030140,"UNIDAD MÉDICA MÓVIL ACUÁTICA (LA LUPE)"
CSSSA000132,0707,07003,070030142,"SAN JOSÉ AGUAJAL"
CSSSA000144,0707,07003,070030194,"RÍO NEGRO"
CSSSA000156,0707,07003,070030430,"FRANCISCO VILLA"
CSSSA000161,0709,07004,070040019,"LA GRANDEZA"
CSSSA000173,0709,07004,070040032,"BIENES COMUNALES LA LAGUNA"
CSSSA000185,0709,07004,070040072,"SANTA CECILIA EL PEDREGAL"
CSSSA000190,0709,07004,070040181,"NUEVA GALILEA"
CSSSA000202,0709,07004,070040225,MORELIA
CSSSA000214,0709,07004,070040289,"SAN MIGUEL CHIPTIC"
CSSSA000226,0705,07005,070050002,"COL. ADOLFO LÓPEZ MATEOS"
CSSSA000231,0705,07005,070050040,"FRANCISCO I. MADERO"
CSSSA000243,0705,07005,070050041,"GUADALUPE VICTORIA"
CSSSA000255,0705,07005,070050047,"EL LIMÓN"
CSSSA000260,0705,07005,070050033,ESQUIPULAS
CSSSA000272,0705,07005,070050061,"EL NARANJO 2A. SECCIÓN"
CSSSA000284,0705,07005,070050075,"REFORMA Y PLANADA"
CSSSA000296,0705,07005,070050098,"SAN LORENZO"
CSSSA000301,0710,07006,070060002,AGUACATILLO
CSSSA000313,0710,07006,070060011,CHIQUISBIL
CSSSA000325,0710,07006,070060013,"FRANCISCO I. MADERO"
CSSSA000330,0710,07006,070060033,"NUEVA MORELIA (CONCEPCIÓN MORELIA)"
CSSSA000342,0710,07006,070060037,"OJO DE AGUA LAS CRUCES"
CSSSA000354,0710,07006,070060038,"PACAYAL FRONTERA"
CSSSA000366,0710,07006,070060044,POTRERILLO
CSSSA000371,0710,07006,070060050,"RÍO GUERRERO"
CSSSA000383,0710,07006,070060055,"20 DE NOVIEMBRE"
CSSSA000395,0710,07006,070060074,PALESTINA
CSSSA000400,0702,07007,070070013,"LA MERCED"
CSSSA000412,0704,07008,070080001,"H. B. C. DE ÁNGEL ALBINO CORZO"
CSSSA000424,0704,07008,070080010,"LIBERTAD EL PAJAL"
CSSSA000436,0704,07008,070080015,"NUEVA INDEPENDENCIA"
CSSSA000441,0704,07008,070080025,"SALVADOR URBINA"
CSSSA000453,0708,07009,070090001,"HOSPITAL GENERAL JUÁREZ ARRIAGA"
CSSSA000465,0708,07009,070090001,ARRIAGA
CSSSA000470,0708,07009,070090008,"LAS ARENAS"
CSSSA000482,0708,07009,070090013,"LA AZTECA"
CSSSA000494,0708,07009,070090026,"COL. 5 DE FEBRERO (CALERA)"
CSSSA000506,0708,07009,070090046,"PESQUERÍA LA GLORIA"
CSSSA000511,0708,07009,070090053,"LÁZARO CÁRDENAS"
CSSSA000523,0708,07009,070090058,"PESQUERÍA LA LÍNEA"
CSSSA000535,0708,07009,070090079,"NICOLÁS BRAVO"
CSSSA000540,0708,07069,070690527,"EL FORTÍN"
CSSSA000552,0708,07009,070090468,"AGRÍCOLA 20 DE NOVIEMBRE ( LA MICA)"
CSSSA000564,0710,07010,070100004,"EL CERCADILLO"
CSSSA000576,0710,07010,070100019,"OJO DE AGUA CENTRO"
CSSSA000581,0710,07011,070110001,BELLAVISTA
CSSSA000593,0710,07011,070110003,CHEMIC
CSSSA000605,0710,07011,070110008,"LAS NUBES"
CSSSA000610,0710,07011,070110011,"NUEVO PACAYAL"
CSSSA000622,0710,07011,070110016,"SAN JOSÉ CHICHARRAS"
CSSSA000634,0710,07011,070110019,"LAS CHICHARRAS"
CSSSA000646,0710,07011,070110039,"OJO DE AGUA CÁRDENAS"
CSSSA000651,0701,07012,070120001,BERRIOZÁBAL
CSSSA000663,0701,07012,070120038,"EFRAÍN A. GUTIÉRREZ"
CSSSA000675,0701,07012,070120053,"IGNACIO ZARAGOZA"
CSSSA000680,0701,07012,070120148,"SAN MARTÍN"
CSSSA000692,0701,07012,070120276,"CONGREGACIÓN AMENDU"
CSSSA000704,0701,07012,070120277,"TIERRA Y LIBERTAD"
CSSSA000716,0705,07013,070130041,"SANTA CRUZ NIHO"
CSSSA000721,0705,07013,070130123,TEOPISCA
CSSSA000733,0705,07013,070130133,"EMILIANO ZAPATA"
CSSSA000745,0705,07014,070140001,"EL BOSQUE"
CSSSA000750,0705,07014,070140016,CHAVAJEVAL
CSSSA000762,0705,07014,070140080,"LAS DELICIAS"
CSSSA000774,0707,07015,070150001,CACAHOATÁN
CSSSA000786,0707,07015,070150027,MIXCUM
CSSSA000791,0706,07016,070160001,"PLAYAS DE CATAZAJÁ"
CSSSA000803,0706,07016,070160004,"BOCA DEL RÍO CHICO"
CSSSA000815,0706,07016,070160027,"CASA DE SALUD LA TUZA"
CSSSA000820,0706,07016,070160250,"C.S. VILLA FRACCIONAMIENTO EL ROSARIO"
CSSSA000832,0701,07017,070170001,"H. B. C. DE CINTALAPA DE FIGUEROA"
CSSSA000844,0701,07017,070170001,CINTALAPA
CSSSA000856,0701,07017,070170050,"LA FLORIDA"
CSSSA000861,0701,07017,070170051,"FCO. I. MADERO"
CSSSA000885,0701,07017,070170081,"CS. 1 NUEVA TENOCHTITLAN"
CSSSA000890,0701,07017,070170095,"POMPOSO CASTELLANOS"
CSSSA000902,0701,07017,070170439,"ELOY BORRAS AGUILAR"
CSSSA000914,0701,07017,070170157,VISTAHERMOSA
CSSSA000926,0701,07017,070170164,"UNIDAD MODELO"
CSSSA000931,0701,07017,070170318,"PIMIENTA BERLÍN"
CSSSA000943,0701,07017,070170426,"SAN MARCOS"
CSSSA000955,0701,07017,070170449,GUAMÚCHIL
CSSSA000972,0701,07017,070170650,"EMILIANO ZAPATA"
CSSSA000996,0701,07018,070180012,"RIBERA LLANO GRANDE"
CSSSA001001,0701,07018,070180013,"LIC. BUENAVISTA MATA SANOS"
CSSSA001013,0701,07018,070180016,"JOSÉ MARÍA MORELOS Y PAVÓN"
CSSSA001025,0701,07018,070180038,MORELIA
CSSSA001030,0703,07019,070190001,"HOSPITAL GENERAL MARÍA IGNACIA GANDULFO COMITAN"
CSSSA001042,0703,07019,070190001,"COMITÁN DE DOMÍNGUEZ"
CSSSA001054,0703,07019,070190011,CAJCAM
CSSSA001066,0703,07019,070190039,"CHICHIMA CHACALJEMEL"
CSSSA001071,0703,07019,070190059,HIDALGO
CSSSA001083,0703,07019,070190067,"JUZNAJAB LA LAGUNA"
CSSSA001095,0703,07019,070190070,"LAGUNA LARGA"
CSSSA001100,0703,07019,070190076,"SAN ANTONIO OGOTZIL"
CSSSA001112,0703,07019,070190089,"PRIMERO DE MAYO"
CSSSA001124,0703,07019,070190090,QUIJA
CSSSA001136,0703,07019,070190122,"SAN JOSÉ YOCNAJAB"
CSSSA001141,0703,07019,070190148,"TIERRA BLANCA"
CSSSA001153,0703,07019,070190151,"SANTA RITA UNINAJAB"
CSSSA001165,0703,07019,070190276,"GUADALUPE PALMIRA"
CSSSA001170,0703,07019,070190296,"STA. ROSALÍA"
CSSSA001182,0704,07020,070200001,"NUEVA CONCORDIA"
CSSSA001194,0704,07020,070200003,"BENITO JUÁREZ"
CSSSA001206,0704,07020,070200010,CUXTEPEQUES
CSSSA001211,0704,07020,070200012,"DOLORES JALTENANGO"
CSSSA001223,0704,07020,070200016,"GUADALUPE VICTORIA"
CSSSA001235,0704,07020,070200020,"NIÑOS HÉROES"
CSSSA001240,0704,07020,070200025,"AGUA PRIETA"
CSSSA001252,0704,07020,070200029,REFORMA
CSSSA001264,0704,07020,070200067,"LAS TORONJAS"
CSSSA001276,0704,07020,070200114,"DIAMANTE DE ECHEVERRÍA"
CSSSA001281,0704,07020,070200145,"EL ÁMBAR DE ECHEVERRÍA"
CSSSA001293,0704,07020,070200569,"PLAN DE LA LIBERTAD"
CSSSA001305,0704,07020,070200948,"SAN FRANCISCO"
CSSSA001310,0704,07020,070201017,"NUEVO PARAÍSO"
CSSSA001322,0701,07021,070210001,COPAINALÁ
CSSSA001334,0701,07021,070210003,CAMPECHE
CSSSA001346,0701,07021,070210007,"FRANCISCO SARABIA"
CSSSA001351,0701,07021,070210009,"MIGUEL HIDALGO (ZACALAPA)"
CSSSA001363,0701,07021,070210012,"AGUSTÍN DE ITURBIDE"
CSSSA001375,0701,07021,070210013,"BENITO JUÁREZ"
CSSSA001380,0701,07021,070210038,"LÁZARO CÁRDENAS"
CSSSA001392,0702,07022,070220010,TZACUCUM
CSSSA001404,0702,07022,070220016,"PACANAM NUEVO"
CSSSA001416,0702,07023,070230001,"SAN JUAN CHAMULA"
CSSSA001421,0702,07023,070230017,"CRUZ QUEMADA"
CSSSA001433,0702,07023,070230025,ICALUMTIC
CSSSA001445,0702,07023,070230031,JOMALHO
CSSSA001450,0702,07023,070230039,"RANCHO NARVÁEZ"
CSSSA001462,0702,07023,070230052,ROMERILLO
CSSSA001474,0702,07023,070230054,SACLAMANTÓN
CSSSA001486,0702,07023,070230022,CHILINJOVECTIC
CSSSA001491,0702,07023,070230080,"CRUZ CHOT"
CSSSA001503,0702,07023,070230082,NICHÉN
CSSSA001515,0702,07023,070230131,JOLNAJOLTIC
CSSSA001520,0702,07023,070230133,MAJOMUT
CSSSA001532,0702,07024,070240001,CHANAL
CSSSA001556,0705,07025,070250012,"CENTRO VALTIERRA"
CSSSA001561,0702,07026,070260001,CHENALHÓ
CSSSA001573,0702,07026,070260007,"BELISARIO DOMÍNGUEZ"
CSSSA001585,0702,07026,070260018,"CHIMIX DOS"
CSSSA001590,0702,07026,070260023,JOLXIC
CSSSA001602,0702,07026,070260038,"COLONIA PUEBLA"
CSSSA001614,0702,07026,070260057,"YABTECLUM PUEBLO NUEVO"
CSSSA001626,0701,07027,070270001,"CHIAPA DE CORZO"
CSSSA001631,0701,07027,070270002,"RIBERA EL AMATAL"
CSSSA001643,0701,07027,070270023,"RIBERA DE CUPÍA"
CSSSA001655,0701,07027,070270040,"JUAN DE GRIJALVA"
CSSSA001660,0701,07027,070270054,"MIGUEL HIDALGO"
CSSSA001672,0701,07027,070270061,"NARCISO MENDOZA"
CSSSA001684,0701,07027,070270072,"PASO ACHIOTE"
CSSSA001696,0701,07027,070270112,"VENUSTIANO CARRANZA"
CSSSA001701,0701,07027,070270134,"DR. MANUEL VELASCO SUÁREZ"
CSSSA001713,0701,07027,070270149,"RIBERA ZARAGOZA"
CSSSA001725,0703,07030,070300001,CHICOMUSELO
CSSSA001730,0703,07030,070300008,"20 DE NOVIEMBRE"
CSSSA001742,0703,07030,070300016,"CUATRO CAMINOS"
CSSSA001754,0703,07030,070300031,"MIGUEL ALEMÁN"
CSSSA001766,0703,07030,070300054,"PIEDRA LABRADA"
CSSSA001771,0703,07030,070300055,"LA PINTA"
CSSSA001783,0703,07030,070300057,"BARRIO POTRERILLOS"
CSSSA001795,0703,07030,070300075,"MONTE SINAÍ"
CSSSA001800,0703,07030,070300098,ZACUALPA
CSSSA001812,0703,07030,070300104,"NUEVA GRECIA"
CSSSA001824,0709,07031,070310001,CHILÓN
CSSSA001836,0709,07031,070310007,"AURORA GRANDE"
CSSSA001841,0709,07031,070310009,BACHAJÓN
CSSSA001853,0709,07031,070310226,"CARAVANA DIGNIFICADA TZAJALÁ JERICÓ"
CSSSA001865,0709,07031,070310028,FILADELFIA
CSSSA001870,0709,07031,070310042,"CARMEN XAQUILÁ"
CSSSA001882,0709,07031,070310053,CHABÁN
CSSSA001894,0709,07031,070310094,JOYBÉ
CSSSA001906,0709,07031,070310096,JOLAQUIL
CSSSA001911,0709,07031,070310101,JOL-SACJÚN
CSSSA001923,0709,07031,070310116,"EL MAP"
CSSSA001935,0709,07031,070310117,MAPIL
CSSSA001940,0709,07031,070310120,MEQUEJA
CSSSA001952,0709,07031,070310137,"PAMAL NAVIL"
CSSSA001964,0709,07031,070310143,"CARAVANA DIGNIFICADA PATELNÁ"
CSSSA001976,0709,07031,070310152,PINABETAL
CSSSA001981,0709,07031,070310213,SULUPHUITZ
CSSSA001993,0709,07031,070310226,"TZAJALÁ JERICÓ"
CSSSA002005,0709,07031,070310758,"BAJ TRANCA"
CSSSA002010,0709,07031,070310237,"JUNA SABINES VERAPAZ"
CSSSA002022,0709,07031,070310248,YULUBMAX
CSSSA002034,0709,07031,070310252,TZASIBILTIC
CSSSA002046,0709,07004,070040181,"CARAVANA DIGNIFICADA NUEVA GALILEA"
CSSSA002051,0709,07031,070310287,XAXAJATIC
CSSSA002063,0709,07031,070310289,MUQUENAL
CSSSA002075,0709,07031,070310317,"CAMPO BOLONTINÁ"
CSSSA002080,0709,07031,070310335,"SACJÚN CUWITZ"
CSSSA002092,0709,07031,070310451,CHOXILTIC
CSSSA002104,0709,07031,070310503,"CURVA LIQUILWITZ"
CSSSA002116,0709,07031,070310535,"PINO SUÁREZ"
CSSSA002121,0709,07031,070310539,WILIBJÁ
CSSSA002133,0709,07031,070310540,"JOL CATARRAYA"
CSSSA002145,0709,07031,070310575,"SAN ANTONIO BULUJIB"
CSSSA002150,0709,07031,070310587,GOLONTÓN
CSSSA002162,0709,07031,070310591,"NAHILTÉ 2DA. SECCIÓN"
CSSSA002174,0709,07031,070310673,CHUTALILJÁ
CSSSA002186,0709,07031,070310710,"BUENA VISTA SAN JOSÉ NAPILÁ"
CSSSA002191,0709,07031,070310711,"SAN ANTONIO LAS PALOMAS"
CSSSA002203,0707,07032,070320001,"CENTRO DE SALUD CON HOSPITALIZACIÓN (ESCUINTLA)"
CSSSA002215,0707,07032,070320005,"FRACCIÓN BANDERAS"
CSSSA002220,0707,07032,070320039,"OVANDO TURQUÍA"
CSSSA002232,0707,07032,070320059,"SANTA EMILIA"
CSSSA002244,0707,07032,070320068,"SAN FELIPE TIZAPA"
CSSSA002256,0707,07032,070320070,"EL TRIUNFO"
CSSSA002261,0707,07032,070320110,"CENTRO DE SALUD MANACAL LLANO GRANDE"
CSSSA002273,0701,07033,070330007,"SAN JOSÉ MASPAC"
CSSSA002285,0701,07033,070330013,"SAN MIGUEL LA SARDINA"
CSSSA002290,0701,07033,070330017,"VICENTE GUERRERO"
CSSSA002302,0701,07033,070330043,TEOPISCA
CSSSA002314,0703,07034,070340001,"FRONTERA COMALAPA"
CSSSA002326,0703,07034,070340005,"BELLAVISTA DEL NORTE"
CSSSA002331,0703,07034,070340014,"CD. CUAUHTÉMOC"
CSSSA002343,0703,07034,070340045,"NUEVO MÉXICO"
CSSSA002355,0703,07034,070340058,"EL PORTAL"
CSSSA002360,0703,07034,070340100,"SANTA ROSA (BENITO JUÁREZ)"
CSSSA002372,0703,07034,070340112,"EL TRIUNFO DE LAS TRES MARAVILLAS"
CSSSA002384,0703,07034,070340114,VERAPAZ
CSSSA002396,0703,07034,070340125,"AGUA ZARCA"
CSSSA002401,0707,07035,070350001,"FRONTERA HIDALGO"
CSSSA002413,0707,07035,070350076,"CANTÓN SANTA CRUZ"
CSSSA002425,0710,07036,070360003,"LA PINADA"
CSSSA002430,0707,07037,070370001,HUEHUETÁN
CSSSA002442,0707,07037,070370026,"COAPANTES BUENA VISTA"
CSSSA002454,0707,07037,070370039,"CANTÓN CHAMULAPA"
CSSSA002466,0707,07037,070370151,"SANTA ELENA"
CSSSA002471,0702,07038,070380009,"LA INDEPENDENCIA"
CSSSA002483,0702,07038,070380013,"LÁZARO CÁRDENAS CHILIL"
CSSSA002495,0702,07026,070260069,MACUSHTETIC
CSSSA002500,0702,07038,070380031,"SAN PEDRO PEDERNAL"
CSSSA002512,0702,07038,070380035,"SAN PEDRO LA TEJERÍA"
CSSSA002524,0702,07038,070380054,YALCUC
CSSSA002536,0702,07038,070380063,"SANTA ROSA"
CSSSA002541,0705,07039,070390001,HUITIUPÁN
CSSSA002553,0705,07039,070390005,"EL AZUFRE"
CSSSA002565,0705,07039,070390033,HUANAL
CSSSA002570,0705,07039,070390048,"EL OCOTAL"
CSSSA002582,0705,07039,070390091,"LA VENTANA"
CSSSA002594,0705,07039,070390095,"ZACATONAL DE JUÁREZ"
CSSSA002606,0705,07039,070390152,"RAMOS CUBILETE"
CSSSA002611,0707,07040,070400001,"HOSPITAL GENERAL HUIXTLA"
CSSSA002623,0707,07040,070400001,"CENTRO DE SALUD URBANO HUIXTLA"
CSSSA002635,0707,07040,070400026,DELICIAS
CSSSA002640,0707,07040,070400029,"EFRAÍN A. GUTIÉRREZ"
CSSSA002652,0707,07040,070400034,"UNIDAD MÉDICA MÓVIL ESTRELLA ROJA"
CSSSA002664,0707,07040,070400047,"JOSÉ MARÍA MORELOS Y PAVÓN"
CSSSA002676,0707,07040,070400073,"CANTÓN PLAYA GRANDE"
CSSSA002681,0707,07040,070400115,"TZINACAL BUENOS AIRES"
CSSSA002693,0707,07040,070400116,"LA UNIÓN"
CSSSA002705,0707,07040,070400126,AZTLÁN
CSSSA002710,0703,07041,070410001,"LA INDEPENDENCIA"
CSSSA002722,0703,07041,070410005,"ROSARIO BADENIA"
CSSSA002734,0703,07041,070410018,"EMILIANO ZAPATA"
CSSSA002746,0703,07041,070410022,"FRANCISCO SARABIA"
CSSSA002751,0703,07041,070410039,"OJO DE AGUA"
CSSSA002763,0703,07041,070410041,"LA PATRIA"
CSSSA002775,0703,07041,070410078,"TIERRA BLANCA"
CSSSA002780,0705,07042,070420001,IXHUATÁN
CSSSA002792,0705,07042,070420018,"SAN MIGUEL"
CSSSA002804,0705,07042,070420019,"SANTA ANITA"
CSSSA002816,0705,07043,070430001,IXTACOMITÁN
CSSSA002821,0705,07043,070430003,ARENAL
CSSSA002833,0705,07043,070430009,"EMILIANO ZAPATA"
CSSSA002845,0705,07043,070430016,"MATAMOROS 1A. SECCIÓN"
CSSSA002850,0705,07043,070430046,"NUEVO LINDAVISTA"
CSSSA002862,0701,07044,070440001,IXTAPA
CSSSA002874,0701,07044,070440007,"CARLOS A. VIDAL"
CSSSA002886,0701,07044,070440010,CONCEPCIÓN
CSSSA002891,0701,07044,070440053,"EJIDO NUEVO SAN MIGUEL MITONTIC"
CSSSA002903,0701,07044,070440061,MAZANILHO
CSSSA002915,0705,07045,070450014,"LLANOS MORELOS 1A. SECCIÓN"
CSSSA002920,0705,07045,070450045,"JANA 2A. SECCIÓN"
CSSSA002932,0701,07046,070460001,JIQUIPILAS
CSSSA002944,0701,07046,070460021,"CRISTÓBAL COLON"
CSSSA002956,0701,07046,070460045,"JOSÉ MARÍA PINO SUÁREZ"
CSSSA002961,0701,07046,070460052,MICHOACÁN
CSSSA002973,0701,07046,070460058,"CENTRO DE SALUD NUEVA PALESTINA"
CSSSA002985,0701,07046,070460078,"ANDRÉS QUINTANA ROO"
CSSSA002990,0701,07046,070460104,TILTEPEC
CSSSA003002,0701,07046,070460363,"HIERBA SANTA"
CSSSA003014,0701,07046,070460513,"BENITO JUÁREZ"
CSSSA003026,0701,07046,070460513,"BENITO JUÁREZ"
CSSSA003031,0701,07046,070460521,"SANTA ROSA"
CSSSA003043,0705,07047,070470043,MARAVILLAS
CSSSA003055,0705,07047,070470051,PAREDÓN
CSSSA003060,0705,07047,070470055,"RUBÉN JARAMILLO"
CSSSA003072,0705,07048,070480001,TEOPISCA
CSSSA003084,0705,07048,070480001,JUÁREZ
CSSSA003096,0705,07048,070480004,"EJIDO IGNACIO ALLENDE"
CSSSA003101,0705,07048,070480006,"5 DE MAYO"
CSSSA003113,0702,07049,070490001,"SAN ANDRÉS LARRAINZAR"
CSSSA003125,0702,07049,070490005,"BAYALEMHO DOS"
CSSSA003130,0702,07049,070490017,STENLEJSOSTETIC
CSSSA003142,0702,07026,070260064,"CARAVANA DIGNIFICADA YIBELJOJ"
CSSSA003154,0702,07049,070490051,TIVO
CSSSA003166,0702,07049,070490071,"LA LAGUNA"
CSSSA003171,0706,07050,070500001,"LA LIBERTAD"
CSSSA003183,0706,07050,070500004,"BENITO JUÁREZ"
CSSSA003195,0706,07050,070500045,ALDAMA
CSSSA003200,0707,07051,070510001,MAPASTEPEC
CSSSA003212,0707,07051,070510003,"ADOLFO RUIZ CORTINES"
CSSSA003224,0707,07051,070510037,"LA PLAYA"
CSSSA003236,0707,07051,070510205,"ABRAHAM GONZÁLEZ"
CSSSA003241,0707,07051,070510293,"BARRITA DE PAJÓN"
CSSSA003253,0707,07051,070510313,"EJIDO IBARRA"
CSSSA003265,0703,07052,070520001,"H. B. C. DE LAS MARGARITAS"
CSSSA003270,0703,07052,070520004,"AMPARO AGUA TINTA"
CSSSA003282,0703,07052,070520040,"GABRIEL LEYVA VELÁZQUEZ"
CSSSA003294,0703,07052,070520040,"GABRIEL LEYVA VELÁZQUEZ"
CSSSA003306,0703,07052,070520049,"IGNACIO ZARAGOZA"
CSSSA003311,0703,07052,070520052,JALISCO
CSSSA003323,0703,07052,070520054,"JUSTO SIERRA"
CSSSA003335,0703,07052,070520060,LOMANTÁN
CSSSA003340,0703,07052,070520094,"RAFAEL RAMÍREZ"
CSSSA003352,0703,07052,070520100,"RÍO COROZAL"
CSSSA003364,0703,07052,070520111,"SAN ANTONIO LOS ALTOS"
CSSSA003376,0703,07052,070520112,"SAN ANTONIO LOS MONTES"
CSSSA003381,0703,07052,070520122,"SAN CARLOS DEL RÍO"
CSSSA003393,0703,07052,070520128,"SAN ISIDRO"
CSSSA003405,0703,07041,070410572,"SANTA MARTHA"
CSSSA003410,0703,07052,070520136,"SAN JOSÉ LAS PALMAS"
CSSSA003422,0703,07052,070520148,"SAN PEDRO YUTNIOTIC"
CSSSA003434,0703,07052,070520150,"SANTA ANA LAS FLORES"
CSSSA003446,0703,07052,070520163,"SANTIAGO GUELATAO"
CSSSA003451,0703,07052,070520169,"SANTA RITA SONORA"
CSSSA003463,0703,07052,070520180,VERACRUZ
CSSSA003475,0703,07052,070520194,"SAN ANTONIO BAWITZ"
CSSSA003480,0703,07052,070520198,"LA ESMERALDA"
CSSSA003492,0703,07052,070520210,JERUSALEM
CSSSA003504,0703,07052,070520231,"LUCHA CAMPESINA"
CSSSA003516,0703,07052,070520238,"ESPÍRITU SANTO"
CSSSA003521,0703,07052,070520242,"IGNACIO ALLENDE"
CSSSA003533,0703,07052,070520244,"EL ENCANTO"
CSSSA003545,0703,07052,070520250,PROGRESO
CSSSA003550,0703,07052,070520268,"LAS PERLAS"
CSSSA003562,0703,07052,070520302,"NUEVO MATZAN"
CSSSA003574,0703,07052,070520316,"SAN JOSÉ LA REVANCHA"
CSSSA003586,0703,07052,070520537,"GUADALUPE LAS FLORES"
CSSSA003591,0703,07052,070520572,"UNIÓN VICTORIA"
CSSSA003603,0710,07053,070530001,"MAZAPA DE MADERO"
CSSSA003615,0710,07053,070530007,"GRANADOS TALCANAQUE"
CSSSA003620,0710,07053,070530012,"LIBERTAD FRONTERA"
CSSSA003632,0707,07054,070540001,MAZATÁN
CSSSA003644,0707,07054,070540014,"CANTÓN CORRALITO"
CSSSA003656,0707,07054,070540025,"MARTE R. GÓMEZ"
CSSSA003661,0707,07054,070540033,"SANTA CLARA"
CSSSA003673,0707,07054,070540042,"LA VICTORIA"
CSSSA003685,0707,07054,070540083,"ADOLFO RUÍZ CORTINES"
CSSSA003690,0707,07054,070540178,"LÁZARO CÁRDENAS"
CSSSA003702,0702,07056,070560001,MITONTIC
CSSSA003714,0702,07056,070560003,CHALAM
CSSSA003726,0710,07057,070570001,"MOTOZINTLA DE MENDOZA"
CSSSA003731,0710,07057,070570022,CABAÑAS
CSSSA003743,0710,07057,070570047,"FRANCISCO I. MADERO"
CSSSA003755,0710,07057,070570085,"SANTA ANA PINABETO"
CSSSA003760,0710,07057,070570096,"RINCÓN DEL BOSQUE"
CSSSA003772,0710,07057,070570132,"VICENTE GUERRERO"
CSSSA003784,0710,07057,070570135,"VILLA HERMOSA"
CSSSA003796,0710,07057,070570164,"MIGUEL ALEMÁN"
CSSSA003801,0710,07057,070570216,"RINCÓN BUENAVISTA"
CSSSA003813,0710,07057,070570280,"LLANO GRANDE"
CSSSA003825,0710,07057,070570315,"LA VERBENA"
CSSSA003830,0710,07057,070570435,"EL HORIZONTE"
CSSSA003842,0709,07059,070590001,OCOSINGO
CSSSA003854,0709,07059,070590003,"PERLA DE ACAPULCO"
CSSSA003866,0706,07059,070590011,"LA ARENA"
CSSSA003871,0709,07059,070590017,AVELLANAL
CSSSA003883,0709,07059,070590058,"LAS CHAMPAS CANCHANIVALTIC"
CSSSA003895,0709,07059,070590073,"DOLORES LAS PALMAS"
CSSSA003900,0709,07059,070590085,"LA FRONTERA"
CSSSA003912,0709,07059,070590121,NAZARETH
CSSSA003924,0709,07059,070590126,OCOTAL
CSSSA003936,0709,07059,070590161,"SAN ANTONIO"
CSSSA003941,0709,07059,070590196,"SAN MARCOS"
CSSSA003953,0709,07059,070590236,"SAN ANTONIO LAS DELICIAS PAMALA"
CSSSA003965,0709,07059,070590258,"LA UNIÓN"
CSSSA003970,0709,07059,070590266,YAXOQUIMTELA
CSSSA003982,0709,07059,070590268,"EL ZAPOTAL UNO"
CSSSA003994,0709,07059,070590016,"LA AURORA"
CSSSA004006,0709,07059,070590379,"CONGREGACION VIRGINIA"
CSSSA004011,0709,07059,070590410,"SANTA ELENA"
CSSSA004023,0709,07059,070590416,"OJO DE AGUA"
CSSSA004035,0706,07059,070590418,"NUEVA PALESTINA"
CSSSA004040,0706,07059,070590431,"FRONTERA COROZAL"
CSSSA004052,0709,07059,070590439,"MIGUEL HIDALGO"
CSSSA004064,0709,07059,070590440,"RAMÓN F. BALBOA"
CSSSA004076,0706,07059,070590459,"SANTO DOMINGO"
CSSSA004081,0709,07059,070590575,"EL CENSO"
CSSSA004093,0706,07059,070590598,"NUEVO MARISCAL"
CSSSA004105,0709,07059,070590599,"NUEVA MORELIA"
CSSSA004110,0706,07059,070590603,"NUEVA LIBERTAD"
CSSSA004122,0709,07059,070590631,"SAN JUAN RÓMULO CALZADA"
CSSSA004134,0709,07059,070590643,"LAS TAZAS"
CSSSA004146,0709,07059,070590645,"LA TRINIDAD"
CSSSA004151,0709,07059,070590745,"SAN FRANCISCO"
CSSSA004163,0709,07059,070590827,"CHAVARICO LAS PALMAS"
CSSSA004175,0709,07059,070590856,"PUEBLO NUEVO UNO"
CSSSA004180,0709,07059,070590999,MACEDONIA
CSSSA004192,0709,07059,070591279,"SANTA LUCIA"
CSSSA004204,0709,07059,070591296,BALAXTE
CSSSA004216,0709,07059,070591300,"LA SOLEDAD"
CSSSA004221,0709,07059,070591301,"SANTA MARTHA COROZAL"
CSSSA004233,0709,07059,070591435,YAXALA
CSSSA004245,0709,07059,070591729,"EL PROGRESO"
CSSSA004250,0709,07059,070592050,PATIHUITZ
CSSSA004262,0709,07059,070592703,"NUEVO DURANGO"
CSSSA004274,0701,07060,070600007,"SAN JOSÉ PLAN OCOTAL"
CSSSA004286,0701,07060,070600024,"SANTO DOMINGO"
CSSSA004291,0701,07061,070610001,OCOZOCOAUTLA
CSSSA004303,0701,07061,070610061,"EJIDO GRAL. FRANCISCO VILLA"
CSSSA004315,0701,07061,070610062,"HERMENEGILDO GALEANA"
CSSSA004320,0701,07061,070610062,"HERMENEGILDO GALEANA"
CSSSA004332,0701,07061,070610080,"JOSÉ CASTILLO TIELMAN"
CSSSA004344,0701,07061,070610143,"RAYMUNDO ENRÍQUEZ (VISTA HERMOSA)"
CSSSA004356,0701,07061,070610235,"ARMANDO ZEBADÚA"
CSSSA004361,0701,07061,070610260,"ALFREDO V. BONFIL"
CSSSA004373,0701,07061,070610319,"LÁZARO CÁRDENAS"
CSSSA004385,0701,07061,070610385,"LA INDEPENDENCIA (LAS PILAS)"
CSSSA004390,0701,07061,070611236,"NUEVO EMBARCADERO APIC - PAC"
CSSSA004402,0701,07061,070611310,"EMBARCADERO APIC - PAC"
CSSSA004414,0705,07062,070620001,OSTUACÁN
CSSSA004426,0705,07062,070620006,"CATEDRAL DE CHIAPAS"
CSSSA004431,0705,07062,070620069,"SALOMÓN GONZÁLEZ BLANCO"
CSSSA004443,0705,07062,070620019,"PLAN DE AYALA"
CSSSA004455,0705,07062,070620034,"JUAN DEL GRIJALVA"
CSSSA004460,0705,07062,070620060,"PEÑA 2A. SECCIÓN"
CSSSA004472,0705,07062,070620068,"LAGUNA LA CAMPANA"
CSSSA004484,0701,07063,070630014,"TRIUNFO AGRARISTA"
CSSSA004496,0702,07064,070640001,OXCHUC
CSSSA004501,0702,07064,070640006,CRUZTÓN
CSSSA004513,0702,07064,070640012,CHULNA
CSSSA004525,0702,07064,070640017,CANOLLJA
CSSSA004530,0702,07064,070640022,MESBILJA
CSSSA004542,0702,07064,070640024,"EL NIZ"
CSSSA004554,0702,07064,070640029,TOLBILJA
CSSSA004566,0702,07064,070640033,TZONTEALJA
CSSSA004571,0702,07023,070230026,ICHINTÓN
CSSSA004583,0702,07064,070640039,"GUADALUPE BACJA"
CSSSA004595,0706,07065,070650001,"HOSPITAL GENERAL PALENQUE"
CSSSA004600,0706,07065,070650001,PALENQUE
CSSSA004612,0706,07065,070650034,CHACAMAX
CSSSA004624,0706,07065,070650047,"NUEVO EDÉN"
CSSSA004636,0706,07065,070650057,"LIC. GUSTAVO DÍAZ ORDAZ"
CSSSA004641,0706,07065,070650063,"LÁZARO CÁRDENAS"
CSSSA004653,0706,07065,070650064,"LINDA VISTA"
CSSSA004665,0706,07065,070650074,"EL NARANJO"
CSSSA004670,0706,07065,070650077,"NUEVA ESPERANZA 1Âª SECCIÓN"
CSSSA004682,0706,07065,070650098,PUYIPA
CSSSA004694,0706,07065,070650105,"RÍO CHANCALÁ"
CSSSA004711,0706,07065,070650123,"SAN JUAN CHANCALAÍTO"
CSSSA004723,0706,07065,070650131,"SAN MARTÍN CHAMIZAL"
CSSSA004735,0706,07065,070650132,"SAN MATEO"
CSSSA004740,0706,07065,070650145,"TOMÁS GARRIDO CANABAL"
CSSSA004764,0706,07065,070650184,"ROBERTO BARRIOS"
CSSSA004776,0706,07065,070650187,"MIGUEL HIDALGO"
CSSSA004781,0706,07065,070650190,"COL. LACANDÓN"
CSSSA004793,0706,07065,070650196,"SATURNINO RÍOS"
CSSSA004805,0706,07065,070650215,"RICARDO FLORES MAGÓN"
CSSSA004810,0706,07065,070650609,CHOCOLJAITO
CSSSA004822,0706,07065,070651032,"EBEN EZER"
CSSSA004834,0706,07065,070651111,"NUEVA ESPERANZA PROGRESISTA"
CSSSA004846,0702,07066,070660001,PANTELHÓ
CSSSA004851,0702,07066,070660044,"LOS MANGOS"
CSSSA004863,0702,07066,070660086,"SAN JOAQUÍN"
CSSSA004875,0702,07066,070660089,"SAN JOSÉ BUENA VISTA II"
CSSSA004880,0702,07066,070660107,"LA VICTORIA"
CSSSA004892,0702,07066,070660187,"SAN JOSÉ BUENA VISTA III"
CSSSA004904,0702,07066,070660244,"EL CAMPO"
CSSSA004916,0705,07067,070670010,CARRIZAL
CSSSA004921,0705,07067,070670029,"SAN ISIDRO LAS BANDERAS"
CSSSA004933,0705,07067,070670036,"EL TRIUNFO"
CSSSA004945,0705,07068,070680001,"HOSPITAL GENERAL PICHUCALCO"
CSSSA004950,0705,07068,070680001,PICHUCALCO
CSSSA004962,0705,07068,070680005,"VIEJO NICAPA"
CSSSA004974,0705,07068,070680010,"CAMOAPITA 1A. SECCIÓN"
CSSSA004986,0705,07068,070680011,"CAMOAPITA 2A. SECCIÓN"
CSSSA004991,0705,07068,070680013,"AZUFRE 2A. SECCIÓN"
CSSSA005003,0705,07068,070680021,TECTUAPAN
CSSSA005015,0705,07068,070680022,"IGNACIO ZARAGOZA"
CSSSA005020,0708,07069,070690001,PIJIJIAPAN
CSSSA005032,0708,07069,070690003,"LAS BRISAS"
CSSSA005044,0708,07069,070690469,"EL ROSARIO"
CSSSA005056,0708,07069,070690007,"EL CARMEN"
CSSSA005061,0708,07069,070690013,"NUEVA COAPA ECHEGARAY"
CSSSA005073,0708,07069,070690021,"HERMENEGILDO GALEANA"
CSSSA005085,0708,07069,070690023,"JOAQUÍN AMARO (EJIDO TAMAULIPAS)"
CSSSA005090,0708,07069,070690030,"NUEVA FLOR"
CSSSA005102,0708,07069,070690037,PROGRESO
CSSSA005114,0708,07069,070690053,"EL TOPÓN"
CSSSA005126,0708,07069,070690040,"SALTO DE AGUA"
CSSSA005131,0708,07069,070690042,"SAN ISIDRO"
CSSSA005143,0708,07069,070690052,TAPACHULITA
CSSSA005155,0708,07069,070690059,"EJIDO LA ESPERANZA (ZAPOTAL)"
CSSSA005160,0708,07069,070690149,"RANCH. CHOCOHUITAL ( EMB. COSTA AZUL)"
CSSSA005172,0708,07069,070690160,TUTUAM
CSSSA005184,0708,07069,070690187,"GUSTAVO LÓPEZ GUTIÉRREZ"
CSSSA005196,0708,07069,070690264,"EJIDO NUEVA URBINA"
CSSSA005201,0708,07069,070690468,"EJIDO EL VERGEL"
CSSSA005213,0708,07069,070690529,"EJIDO LA CONQUISTA"
CSSSA005225,0708,07069,070690579,"NUEVO TENEJAPA (EL RECREO)"
CSSSA005230,0708,07069,070690647,"SAN ANTONIO MANCOMUN"
CSSSA005242,0708,07069,070691837,"NUEVO MILENIO SANTA CRUZ"
CSSSA005254,0710,07070,070700013,ZAPOTILLO
CSSSA005266,0707,07071,070710001,"VILLA COLMALTITLÁN"
CSSSA005271,0707,07071,070710017,"LA FLOR DE LOTE UNO"
CSSSA005283,0707,07071,070710020,"LA FLOR DE LOTE II"
CSSSA005295,0707,07071,070710026,"MANUEL ÁVILA CAMACHO"
CSSSA005300,0707,07071,070710028,"MONTE FLOR ARRIBA"
CSSSA005312,0707,07071,070710030,MULATAL
CSSSA005324,0707,07071,070710036,"RÍO ARRIBA SALVACIÓN"
CSSSA005336,0707,07071,070710039,"CANTÓN SANTA CRUZ LA UNIÓN"
CSSSA005341,0705,07072,070720001,"PUEBLO NUEVO SOLISTAHUACÁN"
CSSSA005353,0705,07072,070720006,"ARROYO GRANDE"
CSSSA005365,0705,07072,070720006,TEOPISCA
CSSSA005370,0705,07072,070720007,"AURORA ERMITA"
CSSSA005382,0705,07072,070720010,"LOS LOTES"
CSSSA005394,0705,07072,070720025,"EL ESTORAQUE"
CSSSA005406,0705,07072,070720037,"MONTE OLIVO"
CSSSA005411,0705,07072,070720044,"PLAN LÁZARO CÁRDENAS"
CSSSA005423,0705,07072,070720060,"EMILIANO ZAPATA II"
CSSSA005435,0705,07073,070730001,RAYÓN
CSSSA005440,0705,07073,070730023,CARRIZAL
CSSSA005452,0705,07073,070730029,"GUADALUPE VICTORIA"
CSSSA005464,0705,07074,070740001,REFORMA
CSSSA005476,0705,07074,070740003,"MIGUEL ALDAMA"
CSSSA005481,0705,07074,070740008,"IGNACIO ZARAGOZA"
CSSSA005493,0705,07074,070740013,"MACAYO 2A. SECCIÓN"
CSSSA005505,0705,07074,070740021,"SANTA CRUZ"
CSSSA005510,0702,07075,070750001,"LAS ROSAS"
CSSSA005522,0702,07075,070750024,IXTAPILLA
CSSSA005534,0702,07075,070750036,"SAN MATEO"
CSSSA005546,0702,07075,070750060,CHIPILINAR
CSSSA005551,0702,07075,070750067,"SAN ANTONIO EL PARAJE"
CSSSA005563,0706,07076,070760001,SABANILLA
CSSSA005575,0706,07076,070760014,"LÁZARO CÁRDENAS (LA ESPERANZA)"
CSSSA005580,0706,07076,070760024,"LOS NARANJOS"
CSSSA005592,0706,07076,070760025,"EL PARAÍSO"
CSSSA005604,0706,07076,070760031,QUIOICH
CSSSA005616,0706,07076,070760050,"FRANCISCO VILLA"
CSSSA005621,0706,07076,070760065,"ATOYAC NAYLUM"
CSSSA005633,0706,07076,070760095,"ASUNCIÓN HUITIUPAN"
CSSSA005645,0706,07077,070770001,"SALTO DE AGUA"
CSSSA005650,0706,07077,070770010,"ARROYO PALENQUE"
CSSSA005662,0706,07077,070770036,"IGNACIO ZARAGOZA"
CSSSA005674,0706,07077,070770046,"SANTA RITA 1Âª SECCIÓN (MICHOL)"
CSSSA005686,0706,07077,070770051,"NUEVO MUNDO *"
CSSSA005691,0706,07077,070770062,POTLOJA
CSSSA005703,0706,07077,070770065,"EL PROGRESO"
CSSSA005715,0706,07077,070770067,"PUNTA BRAVA"
CSSSA005720,0706,07077,070770069,"RÍO JORDÁN"
CSSSA005732,0706,07077,070770101,"VICENTE GUERRERO"
CSSSA005744,0706,07077,070770212,"AGUA CLARA"
CSSSA005756,0706,07077,070770350,"SAN PEDRO SABANA"
CSSSA005761,0706,07077,070770447,"JOSÉ MARÍA PINO SUÁREZ"
CSSSA005773,0702,07078,070780001,"HOSPITAL DE LA MUJER SAN CRISTÓBAL DE LAS CASAS"
CSSSA005785,0702,07078,070780001,"SAN CRISTÓBAL DE LAS CASAS, CHIAPAS"
CSSSA005790,0702,07078,070780017,"EL MANZANILLO"
CSSSA005802,0702,07078,070780040,"ZACUALPA ECATEPEC"
CSSSA005814,0702,07078,070780078,MITZITÓN
CSSSA005826,0702,07078,070780082,"SAN ANTONIO LOS BAÑOS"
CSSSA005831,0702,07078,070780117,"SAN ANTONIO LAS ROSAS"
CSSSA005843,0701,07079,070790001,"SAN FERNANDO"
CSSSA005855,0701,07079,070790013,CUAUHTÉMOC
CSSSA005860,0701,07079,070790026,"MIGUEL HIDALGO"
CSSSA005872,0701,07079,070790043,"EL PROGRESO"
CSSSA005884,0701,07079,070790046,"SAN ANTONIO"
CSSSA005896,0701,07079,070790101,"EL CARMELO"
CSSSA005901,0710,07080,070800001,SILTEPEC
CSSSA005913,0710,07080,070800005,"SANTO DOMINGO LA CASCADA"
CSSSA005925,0710,07080,070800008,"CRUZ DE PIEDRA"
CSSSA005930,0710,07080,070800013,HONDURAS
CSSSA005942,0710,07080,070800014,"EL LETRERO"
CSSSA005954,0710,07080,070800019,"EL MATAZANOS"
CSSSA005966,0710,07080,070800027,"SAN ANTONIO LA PINADA"
CSSSA005971,0710,07080,070800028,"SAN LUCAS"
CSSSA005983,0710,07080,070800030,"SANTA MARÍA"
CSSSA005995,0710,07080,070800034,"VEGA DEL ROSARIO"
CSSSA006000,0710,07080,070800036,"VILLA FLORES"
CSSSA006012,0710,07080,070800051,"GUADALUPE VICTORIA"
CSSSA006024,0710,07080,070800053,"NUEVA ARGENTINA"
CSSSA006036,0710,07080,070800054,"LA SOLEDAD"
CSSSA006041,0710,07080,070800130,"VILLA HERMOSA"
CSSSA006053,0710,07080,070800139,"LA LAGUNA"
CSSSA006065,0710,07080,070800150,"SAN FRANCISCO"
CSSSA006070,0710,07080,070800201,"EL PARAÍSO"
CSSSA006082,0710,07080,070800212,"LOS CIPRESES"
CSSSA006094,0705,07081,070810001,SIMOJOVEL
CSSSA006106,0705,07081,070810028,"CARMITO BUENA VISTA"
CSSSA006111,0705,07081,070810083,"JOCHAMPAT CARMEN GRANDE"
CSSSA006123,0705,07081,070810083,TEOPISCA
CSSSA006135,0705,07081,070810084,"LAS LIMAS"
CSSSA006140,0705,07081,070810108,"EJIDO CONSTITUCIÓN"
CSSSA006152,0705,07081,070810123,"LOS POCITOS"
CSSSA006164,0705,07081,070810274,"GUADALUPE VICTORIA"
CSSSA006176,0705,07081,070810302,"JOSÉ CASTILLO TIELMANS"
CSSSA006181,0705,07081,070810335,"CONCEPCIÓN BUENAVISTA"
CSSSA006193,0709,07082,070820012,CHABECLUMIL
CSSSA006205,0709,07082,070820023,"GOLONCHÁN VIEJO"
CSSSA006210,0709,07082,070820034,"SANTA BÁRBARA"
CSSSA006222,0709,07082,070820066,"LA UNIÓN"
CSSSA006234,0709,07082,070820086,"PAMALÁ PICOTÉ"
CSSSA006246,0709,07082,070820120,"GUADALUPE CABTETAL"
CSSSA006251,0703,07083,070830001,"MARÍA IGNACIA GANDULFO"
CSSSA006263,0703,07083,070830001,SOCOLTENANGO
CSSSA006275,0703,07083,070830017,"UNIÓN GUADALUPE"
CSSSA006280,0703,07083,070830023,"SAMUEL LEÓN BRINDIS"
CSSSA006292,0703,07083,070830052,"SAN VICENTE PAUCHIL"
CSSSA006304,0703,07083,070830072,"REFORMA AGRARIA"
CSSSA006316,0703,07083,070830171,"PUERTO RICO"
CSSSA006321,0705,07084,070840004,"EL BENEFICIO"
CSSSA006333,0705,07084,070840005,"CERRO DE LAS CAMPANAS"
CSSSA006345,0701,07086,070860001,SUCHIAPA
CSSSA006350,0701,07086,070860023,PACÚ
CSSSA006362,0707,07087,070870001,"CIUDAD HIDALGO"
CSSSA006374,0707,07087,070870157,"EMILIANO ZAPATA"
CSSSA006386,0707,07087,070870171,"TIERRA Y LIBERTAD"
CSSSA006391,0705,07088,070880003,ESQUIPULAS
CSSSA006403,0707,07089,070890001,"HOSPITAL GENERAL TAPACHULA"
CSSSA006415,0707,07089,070890001,"TAPACHULA SANTA CLARA"
CSSSA006420,0707,07089,070890001,"VILLA DE LAS FLORES (TAPACHULA)"
CSSSA006432,0707,07089,070890001,"TAPACHULA INDECO CEBADILLA"
CSSSA006444,0707,07089,070890001,"TAPACHULA DE CÓRDOBA Y ORDÓÑEZ"
CSSSA006456,0707,07089,070890046,"ÁLVARO OBREGÓN"
CSSSA006461,0707,07089,070890057,"CARRILLO PUERTO"
CSSSA006473,0707,07089,070890060,"CEBADILLA 2A. SECCIÓN"
CSSSA006485,0707,07089,070890077,"EL EDÉN"
CSSSA006490,0707,07089,070890094,"FRACCIÓN HERMOSILLO"
CSSSA006502,0707,07089,070890111,"LLANO DE LA LIMA"
CSSSA006514,0707,07089,070890114,"EJIDO MANACAL"
CSSSA006526,0707,07089,070890126,"JOSÉ MARÍA MORELOS"
CSSSA006531,0707,07089,070890148,"PUERTO MADERO"
CSSSA006543,0707,07089,070890150,"RAYMUNDO ENRÍQUEZ"
CSSSA006555,0707,07089,070890165,"SAN CRISTÓBAL BUENA VISTA"
CSSSA006560,0707,07089,070890187,"RANCHERÍA SANTA RITA"
CSSSA006572,0707,07089,070890197,"C.S. TINAJAS 1A. SECCIÓN"
CSSSA006584,0707,07089,070890198,"3A. SECCIÓN TINAJAS"
CSSSA006596,0707,07089,070890200,"EJIDO TOLUCA"
CSSSA006601,0707,07089,070890218,"VIVA MÉXICO"
CSSSA006613,0707,07089,070890260,"2A. SECCIÓN DE TINAJAS"
CSSSA006625,0707,07089,070890722,"EJIDO CHANJALÉ SALCHIJI"
CSSSA006630,0707,07089,070890743,"CANTÓN PROVIDENCIA"
CSSSA006642,0707,07089,070890746,"CANTÓN EL TRIUNFO"
CSSSA006654,0707,07089,070890040,"CANTÓN ACAXMAN"
CSSSA006666,0705,07090,070900003,MAZONO
CSSSA006671,0705,07091,070910001,TAPILULA
CSSSA006683,0705,07091,070910009,"SAN FRANCISCO JACONA"
CSSSA006695,0701,07092,070920001,TECPATAN
CSSSA006700,0701,07092,070920002,"COL. ADOLFO LÓPEZ MATEOS"
CSSSA006712,0701,07092,070920003,"ADOLFO RUIZ CORTÍNEZ"
CSSSA006724,0701,07092,070920012,"ESPERANZA DE LOS POBRES"
CSSSA006736,0701,07092,070920014,"FRANCISCO I. MADERO"
CSSSA006741,0701,07092,070920016,"GUSTAVO DÍAZ ORDAZ"
CSSSA006753,0701,07092,070920022,"MIGUEL HIDALGO Y COSTILLA"
CSSSA006765,0701,07092,070920031,"RAUDALES MALPASO"
CSSSA006770,0701,07092,070920042,"ÁNGEL ALBINO CORZO"
CSSSA006782,0701,07092,070920095,PIZTINGÉN
CSSSA006794,0701,07092,070920096,"COL. EL PORVENIR"
CSSSA006806,0701,07092,070920102,"SAN FERNANDO DÍAZ MARITANO"
CSSSA006811,0701,07092,070920223,"DIQUE II (VICENTE GUERRERO)"
CSSSA006823,0701,07092,070920228,"EL EDÉN"
CSSSA006835,0702,07093,070930001,TENEJAPA
CSSSA006840,0702,07093,070930015,MATZAM
CSSSA006852,0702,07093,070930023,SHISHINTONIL
CSSSA006864,0702,07093,070930062,"LA LIBERTAD"
CSSSA006876,0702,07094,070940001,TEOPISCA
CSSSA006881,0702,07094,070940008,"SAN ISIDRO CHICHIHUISTÁN"
CSSSA006893,0702,07094,070940024,DOLORES
CSSSA006905,0702,07094,070940062,BETANIA
CSSSA006910,0702,07094,070940064,JERUSALÉN
CSSSA006922,0702,07094,070940068,"VISTA HERMOSA"
CSSSA006934,0706,07096,070960001,"H. B. C. DE TILA"
CSSSA006946,0706,07096,070960001,TILA
CSSSA006951,0706,07096,070960004,"ÁLVARO OBREGÓN"
CSSSA006963,0706,07096,070960007,CARRIZAL
CSSSA006975,0706,07096,070960034,"JOLNOPA GUADALUPE"
CSSSA006980,0706,07096,070960045,"CERRO MISOPA"
CSSSA006992,0706,07096,070960049,OCOTAL
CSSSA007004,0706,07096,070960073,USIPA
CSSSA007016,0706,07096,070960095,VILLAFLORES
CSSSA007021,0706,07096,070960099,"ZAQUITEL OJO DE AGUA"
CSSSA007033,0706,07096,070960105,"NUEVO LIMAR"
CSSSA007045,0706,07096,070960114,PATASTAL
CSSSA007050,0706,07096,070960127,"JOLJA TIONTIEPA"
CSSSA007062,0706,07096,070960172,"WILLIS 2Âª SECCIÓN"
CSSSA007074,0708,07097,070970001,"HOSPITAL GENERAL DR. JUAN C. CORZO TONALÁ"
CSSSA007086,0708,07097,070970001,TONALÁ
CSSSA007091,0708,07097,070970002,"PUERTO ARISTA"
CSSSA007103,0708,07097,070970003,"BELISARIO DOMÍNGUEZ"
CSSSA007115,0708,07097,070970006,"CABEZA DE TORO"
CSSSA007120,0708,07097,070970016,"LA ESPERANZA"
CSSSA007132,0708,07097,070970023,"HUACHIPILÍN CALENTURA"
CSSSA007144,0708,07097,070970026,"IGNACIO RAMÍREZ"
CSSSA007156,0708,07069,070690008,CENICEROS
CSSSA007161,0708,07097,070970038,NOYOLA
CSSSA007173,0708,07097,070970040,"BAHÍA DE PAREDÓN"
CSSSA007185,0708,07097,070970044,"PUEBLO NUEVO"
CSSSA007190,0708,07097,070970165,"EL CONGRESO"
CSSSA007202,0708,07097,070970062,"EL TERRERO"
CSSSA007214,0708,07097,070970064,"20 DE NOVIEMBRE"
CSSSA007226,0708,07097,070970119,"EJIDO MORELOS (ESTACIÓN MOJARRAS)"
CSSSA007231,0708,07097,070970164,"SAN LUQUEÑO (LA COSTA)"
CSSSA007243,0708,07097,070970794,"UNIÓN Y PROGRESO"
CSSSA007255,0708,07097,070971160,"NATALIO VAZQUEZ PALLARES"
CSSSA007260,0701,07098,070980001,TOTOLAPA
CSSSA007272,0703,07099,070990001,"MARÍA IGNACIA GANDULFO"
CSSSA007284,0703,07099,070990001,"LA TRINITARIA"
CSSSA007296,0703,07099,070990005,"ÁLVARO OBREGÓN"
CSSSA007301,0703,07099,070990036,"EL CARMEN XHÁN"
CSSSA007313,0703,07099,070990051,"CRISTÓBAL COLÓN"
CSSSA007325,0703,07099,070990099,HIDALGO
CSSSA007330,0703,07099,070990116,JUNCANÁ
CSSSA007342,0703,07099,070990176,"EL PROGRESO"
CSSSA007354,0703,07099,070990195,"ROSARIO TIERRA BLANCA"
CSSSA007366,0703,07099,070990239,"SAN JUAN DEL VALLE"
CSSSA007371,0703,07099,070990313,TZISCAO
CSSSA007383,0703,07099,070990461,"LA ANTELA"
CSSSA007395,0703,07099,070990477,"NUEVA VENECIA"
CSSSA007400,0703,07099,070990650,"LOMA BONITA"
CSSSA007412,0703,07099,070990662,"LA GLORIA"
CSSSA007424,0703,07099,070990680,"FLOR DE MAYO"
CSSSA007436,0703,07099,070990684,"NVO. VILLAFLORES"
CSSSA007441,0703,07099,070990689,PENDIENTE
CSSSA007453,0703,07099,070990689,"NUEVA LIBERTAD (EL COLORADO)"
CSSSA007465,0703,07099,070990720,CIENEGUITAS
CSSSA007470,0703,07099,070990721,"NUEVO LLANO GRANDE"
CSSSA007482,0703,07099,070990865,"NUEVO SABINALITO"
CSSSA007494,0706,07100,071000001,TUMBALÁ
CSSSA007506,0706,07100,071000005,"IGNACIO ALLENDE"
CSSSA007511,0706,07100,071000009,CACAHUATAL
CSSSA007523,0706,07100,071000021,"EMILIANO ZAPATA"
CSSSA007535,0706,07100,071000054,"BENITO JUÁREZ"
CSSSA007540,0701,07101,071010001,"HOSPITAL REGIONAL DR. RAFAEL PASCASIO GAMBOA TUXTLA"
CSSSA007552,0701,07101,071010001,"UMMA I POTINASPAK"
CSSSA007564,0701,07101,071010001,"LAS CASITAS"
CSSSA007576,0701,07101,071010001,"TUXTLA (COL. SANTA CRUZ)"
CSSSA007581,0701,07101,071010001,"BIENESTAR SOCIAL"
CSSSA007593,0701,07101,071010001,"PLAN DE AYALA"
CSSSA007605,0701,07101,071010001,"ALBANIA (EL VALLE)"
CSSSA007610,0701,07101,071010001,"PATRIA NUEVA"
CSSSA007622,0701,07101,071010001,TERAN
CSSSA007634,0701,07101,071010001,"TUXTLA GUTIÉRREZ"
CSSSA007646,0701,07101,071010037,COPOYA
CSSSA007651,0701,07101,071010045,"EL JOBO"
CSSSA007663,0707,07102,071020001,"TUXTLA CHICO"
CSSSA007675,0707,07102,071020008,"2A. SECCIÓN IZAPA"
CSSSA007680,0707,07102,071020012,"C.S. PRIMERA SECCIÓN DE MEDIO MONTE"
CSSSA007692,0707,07102,071020013,"2A. SECCIÓN MEDIO MONTE"
CSSSA007704,0707,07102,071020018,TALISMÁN
CSSSA007716,0707,07102,071020019,"SECCIÓN LA TOMA"
CSSSA007721,0707,07102,071020022,"CANTÓN EL SACRIFICIO"
CSSSA007733,0707,07103,071030002,CHIPILÍN
CSSSA007745,0707,07103,071030009,"C.S. ISLAMAPA"
CSSSA007750,0707,07103,071030031,"SEGUNDO CANTÓN"
CSSSA007762,0707,07103,071030041,"29 DE DICIEMBRE"
CSSSA007774,0703,07104,071040001,TZIMOL
CSSSA007786,0703,07104,071040007,"FELIPE ÁNGELES"
CSSSA007791,0703,07104,071040017,OCHUSJOB
CSSSA007803,0703,07104,071040084,"REFORMA AGRARIA I"
CSSSA007815,0703,07104,071040110,"NUEVA LIBERTAD"
CSSSA007820,0707,07105,071050001,"UNIÓN JUÁREZ"
CSSSA007832,0707,07105,071050026,TRINIDAD
CSSSA007844,0701,07106,071060001,"VENUSTIANO CARRANZA"
CSSSA007856,0701,07106,071060041,"FRANCISCO HERNANDEZ"
CSSSA007861,0701,07106,071060049,"GUADALUPE VICTORIA"
CSSSA007873,0701,07106,071060063,"MARCOS E. BECERRA"
CSSSA007885,0701,07106,071060064,"MARIANO MATAMOROS"
CSSSA007890,0701,07106,071060109,"SAN FRANCISCO PUJILTIC"
CSSSA007902,0701,07106,071060170,"LAJA TENDIDA"
CSSSA007914,0701,07106,071060510,"PARAÍSO DEL GRIJALVA"
CSSSA007926,0701,07106,071060579,"SAN ANTONIO LA SIDRA (31 DE DICIEMBRE)"
CSSSA007931,0704,07107,071070001,VILLACORZO
CSSSA007943,0704,07107,071070034,"SN. PEDRO BUENAVISTA"
CSSSA007955,0704,07107,071070112,"LA LIBERTAD"
CSSSA007960,0704,07107,071070166,"EL PARRAL"
CSSSA007972,0704,07107,071070233,"SAN JULIÁN"
CSSSA007984,0704,07107,071070397,"LOMA BONITA"
CSSSA007996,0704,07107,071070439,"OCOTAL LAS MARAVILLAS"
CSSSA008001,0704,07107,071070474,"LOS AMATES"
CSSSA008013,0704,07107,071070505,"TIERRA SANTA"
CSSSA008025,0704,07107,071070568,"24 DE FEBRERO"
CSSSA008030,0704,07107,071070569,"FRANCISCO I. MADERO"
CSSSA008042,0704,07107,071070570,"COL. LA FRAYLESCA"
CSSSA008054,0704,07107,071070585,"SAN MARCOS"
CSSSA008066,0704,07107,071070950,"DR. BELISARIO DOMÍNGUEZ"
CSSSA008071,0704,07107,071071032,"RIBERA BUENAVISTA"
CSSSA008083,0704,07107,071071213,"24 DE DICIEMBRE"
CSSSA008095,0704,07107,071071550,"AGUA DULCE II"
CSSSA008100,0704,07107,071071578,"UNIÓN DEL CARMEN"
CSSSA008112,0704,07108,071080001,"OFICINA JURISDICCIONAL (VILLAFLORES)"
CSSSA008124,0704,07108,071080001,VILLAFLORES
CSSSA008136,0704,07108,071080044,"CALZADA LARGA"
CSSSA008141,0704,07108,071080068,"CRISTÓBAL OBREGÓN"
CSSSA008153,0704,07108,071080081,"DR. DOMINGO CHANONA"
CSSSA008165,0704,07108,071080120,"JESÚS MA. GARZA"
CSSSA008170,0704,07108,071080148,"MIGUEL HIDALGO"
CSSSA008182,0704,07108,071080152,"HORACIO GRAJALES"
CSSSA008194,0704,07108,071080225,"RIBERA HORIZONTE"
CSSSA008206,0704,07108,071080231,"ROBLADA GRANDE"
CSSSA008211,0704,07108,071080349,"TIERRA Y LIBERTAD"
CSSSA008223,0704,07108,071080435,"TRES PICOS"
CSSSA008235,0704,07108,071080445,"EL SABINO"
CSSSA008240,0704,07108,071080897,"SOMBRA DE LA SELVA"
CSSSA008252,0704,07108,071081162,"EL PORTILLO"
CSSSA008264,0706,07109,071090001,"HOSPITAL GENERAL YAJALÓN"
CSSSA008276,0706,07109,071090001,YAJALÓN
CSSSA008281,0706,07109,071090078,SHASHIJA
CSSSA008293,0706,07109,071090105,"ESPERANZA TAQUINUKUM"
CSSSA008305,0706,07109,071090107,"ARROYO CARRIZAL"
CSSSA008310,0706,07109,071090110,"LA LAGUNA"
CSSSA008322,0706,07109,071090131,TULAQUIL
CSSSA008334,0706,07109,071090156,"ESPERANZA SÉTZER"
CSSSA008346,0706,07109,071090179,CANDELARIA
CSSSA008351,0706,07109,071090221,"CLAVARIO BAHUITZ"
CSSSA008363,0706,07109,071090225,"CALVARIO LAS DELICIAS"
CSSSA008375,0702,07111,071110005,CHIQUINIVALVO
CSSSA008380,0702,07111,071110009,NACHING
CSSSA008392,0702,07111,071110010,NAVENCHAUC
CSSSA008404,0702,07111,071110014,"TIERRA BLANCA"
CSSSA008416,0702,07111,071110008,JOIGELITO
CSSSA008421,0702,07111,071110030,CHACTOJ
CSSSA008433,0702,07112,071120005,CHILOLJÁ
CSSSA008445,0702,07112,071120007,CHACTÉ
CSSSA008450,0702,07112,071120017,ONILTIC
CSSSA008462,0702,07112,071120019,"LA PALMA"
CSSSA008474,0702,07112,071120022,TZAMETAL
CSSSA008486,0702,07113,071130001,ALDAMA
CSSSA008491,0706,07114,071140002,"ARROYO DELICIAS"
CSSSA008503,0706,07114,071140021,"NUEVO VERACRUZ"
CSSSA008515,0706,07114,071140023,QUETZALCÓALT
CSSSA008520,0703,07115,071150012,"GUADALUPE MIRAMAR"
CSSSA008532,0703,07052,070520312,"SANTA MARGARITA AGUA AZUL"
CSSSA008544,0703,07115,071150025,"MARÍA IGNACIA GANDULFO"
CSSSA008556,0703,07052,070520335,"SAN MATEO ZAPOTAL"
CSSSA008561,0703,07115,071150043,"SANTO DOMINGO LAS PALMAS"
CSSSA008573,0706,07116,071160003,"ADOLFO LÓPEZ MATEOS"
CSSSA008585,0706,07116,071160004,"AMÉRICA LIBRE"
CSSSA008590,0706,07116,071160007,"BOCA DE CHAJUL"
CSSSA008602,0706,07116,071160009,"EMILIANO ZAPATA"
CSSSA008614,0706,07116,071160017,QUIRINGUICHARO
CSSSA008626,0704,07117,071170014,"EMILIANO ZAPATA"
CSSSA008631,0704,07117,071170023,"LAGUNA DEL COFRE"
CSSSA008643,0704,07117,071170028,"LA LUCHA"
CSSSA008655,0704,07117,071170058,"SAN NICOLÁS PLAN DE AYUTLA"
CSSSA008660,0705,07118,071180004,TEOPISCA
CSSSA008672,0701,07027,070270001,"PEDREGAL SAN ÁNGEL"
CSSSA008684,0701,07027,070270001,CAHUARE
CSSSA008696,0701,07046,070460001,"EMILIANO ZAPATA"
CSSSA008701,0702,07023,070230127,BASHEQUÉM
CSSSA008713,0702,07064,070640008,CHAONIL
CSSSA008725,0702,07064,070640019,LELENCHIG
CSSSA008730,0703,07052,070520017,"SAN ANTONIO LAS FLORES"
CSSSA008742,0703,07115,071150005,"NUEVO SABANILLA"
CSSSA008754,0704,07008,070080186,"SANTA RITA"
CSSSA008771,0704,07117,071170001,"MONTEBELLO ALTAMIRA"
CSSSA008783,0704,07117,071170002,"LA PAZ DE SABINE II"
CSSSA008795,0705,07084,070840001,"NUEVO SAN ANTONIO"
CSSSA008800,0706,07059,070590005,"OJO DE AGUA ZAPOTE"
CSSSA008812,0706,07059,070590008,"20 DE NOVIEMBRE"
CSSSA008824,0706,07077,070770088,TIEMOPA
CSSSA008836,0706,07096,070960001,CHACHALACA
CSSSA008841,0709,07059,070591730,ISRAEL
CSSSA008853,0709,07059,070592836,"SAN JOSÉ LA SOLEDAD"
CSSSA008865,0709,07059,070592831,"LA CUEVA"
CSSSA008870,0709,07059,070590204,"SAN QUINTÍN"
CSSSA008882,0707,07089,070890001,"HOSPITAL REGIONAL DE ALTA ESPECIALIDAD CIUDAD SALUD"
CSSSA008894,0701,07101,071010001,"HOSPITAL DE ESPECIALIDADES PEDIÁTRICAS"
CSSSA008906,0702,07066,070660064,"LA PROVIDENCIA"
CSSSA008911,0702,07113,071130011,"SAN PEDRO COTZILNAM"
CSSSA008923,0702,07049,070490054,TZUBET
CSSSA008935,0702,07078,070780006,"CORAZÓN DE MARÍA"
CSSSA008940,0702,07064,070640020,PACBILNA
CSSSA008952,0702,07064,070640139,TZAJALCHÉM
CSSSA008964,0702,07094,070940091,"JARDÍN DEL NUEVO EDÉN"
CSSSA008976,0702,07094,070940063,GALILEA
CSSSA008981,0704,07107,071070073,"EMILIANO ZAPATA"
CSSSA008993,0704,07108,071080304,"ESPINAL BUENAVISTA"
CSSSA009005,0704,07117,071170014,"EMILIANO ZAPATA"
CSSSA009010,0704,07020,070200568,MONTERREY
CSSSA009022,0704,07008,070080141,"LA PAZ DE SABINES"
CSSSA009034,0704,07108,071080145,"MELCHOR OCAMPO"
CSSSA009046,0704,07107,071070123,"MANUEL ÁVILA CAMACHO"
CSSSA009051,0702,07093,070930028,"TS AKIBILJOK"
CSSSA009063,0702,07023,070230012,CALLEJÓN
CSSSA009075,0701,07021,070210020,"EL ROSARIO"
CSSSA009080,0701,07027,070270065,"NUEVA PALESTINA"
CSSSA009092,0701,07027,070270034,"FRANCISCO SARABIA"
CSSSA009104,0701,07046,070460109,"UNIÓN AGRARISTA"
CSSSA009116,0701,07060,070600004,"CERRO JAQUIMA"
CSSSA009121,0701,07028,070280001,CHIAPILLA
CSSSA009133,0701,07061,070611248,"AQUILES SERDÁN"
CSSSA009145,0701,07061,070610103,"IGNACIO ZARAGOZA"
CSSSA009150,0701,07046,070460112,"VICENTE GUERRERO"
CSSSA009162,0701,07101,071010045,"UNIDAD DE ATENCIÓN A LA SALUD MENTAL SAN AGUSTÍN"
CSSSA012225,0702,07064,070640017,"CARAVANA TIPO ""0"" CONOILJA"
CSSSA012230,0703,07052,070520138,"CARAVANA TIPO ""0"" SAN JUAN BAUTISTA"
CSSSA012242,0702,07022,070220016,"CARAVANA TIPO ""0"" PACANAM"
CSSSA012254,0703,07052,070520112,"CARAVANA TIPO ""0"" SAN ANTONIO DE LOS MONTES"
CSSSA012266,0703,07052,070520150,"CARAVANA TIPO ""0"" SANTA ANA LAS FLORES"
CSSSA012271,0706,07109,071090225,"CARAVANA TIPO ""0"" CALVARIO LAS DELICIAS"
CSSSA012283,0709,07004,070040289,"CARAVANA TIPO ""0"" SAN MIGUEL CHIPTIC"
CSSSA012295,0709,07004,070040225,"CARAVANA TIPO ""0""  MORELIA (VICTORICO RODULFO GRAJALES)"
CSSSA012300,0709,07004,070040019,"CARAVANA TIPO ""0"" LA GRANDEZA"
CSSSA012312,0706,07109,071090078,"CARAVANA TIPO ""0"" SHASHIJA"
CSSSA012324,0706,07109,071090221,"CARAVANA TIPO ""0 CALVARIO BAHUITZ"
CSSSA012336,0706,07077,070770236,"CARAVANA TIPO ""0"" DOS RIOS"
CSSSA012341,0706,07109,071090131,"CARAVANA TIPO ""0"" TULAQUIL"
CSSSA012353,0705,07081,070810083,"CARAVANA TIPO ""0"" JOCHOMPAT CARMEN GRANDE"
CSSSA012365,0705,07039,070390041,"CARAVANA TIPO ""0"" ENRIQUE RODRIGUEZ CANO"
CSSSA012370,0709,07059,070590016,"CARAVANA TIPO ""0"" LA AURORA"
CSSSA012382,0709,07059,070590268,"CARAVANA TIPO ""0"" EL ZAPOTAL"
CSSSA012394,0709,07059,070590575,"CARAVANA TIPO ""0"" EL CENSO"
CSSSA012406,0706,07059,070590598,"CARAVANA TIPO ""0"" NUEVO MARISCAL"
CSSSA012411,0709,07059,070590641,"CARAVANA TIPO ""0"" LA SULTANA"
CSSSA012423,0709,07059,070590999,"CARAVANA TIPO ""0"" MACEDONIA"
CSSSA012435,0709,07059,070591001,"CARAVANA TIPO ""0"" SAN ANTONIO"
CSSSA012440,0709,07059,070591600,"CARAVANA TIPO ""0"" CINCO DE FEBRERO"
CSSSA012452,0709,07059,070591279,"CARAVANA TIPO ""0"" SANTA LUCIA"
CSSSA012464,0709,07059,070592831,"CARAVANA TIPO ""0"" LA CUEVA"
CSSSA012476,0709,07059,070592047,"CARAVANA TIPO ""0"" NUEVO TUXTLA"
CSSSA012481,0706,07065,070650190,"CARAVANA TIPO ""0"" EL LACANDON"
CSSSA012493,0706,07065,070650047,"CARAVANA TIPO ""0"" EL EDEN"
CSSSA012505,0706,07065,070650057,"CARAVANA TIPO ""0"" LICENCIADO GUSTAVO DIAZ ORDAZ"
CSSSA012510,0706,07065,070650064,"CARAVANA TIPO ""0"" LINDAVISTA (CHINIQUIJA)"
CSSSA012522,0706,07065,070650215,"CARAVANA TIPO ""0"" RICARDO FLORES MAGON"
CSSSA012534,0706,07059,070590603,"CARAVANA TIPO ""0"" NUEVA LIBERTAD"
CSSSA012546,0706,07076,070760014,"CARAVANA TIPO ""0"" LAZARO CARDENAS DEL RIO"
CSSSA012551,0706,07076,070760095,"CARAVANA TIPO ""0""  ASUNCION HUITIUPAN"
CSSSA012563,0706,07077,070770067,"CARAVANA TIPO ""0"" PUNTA BRAVA 1RA. SECCION"
CSSSA012575,0706,07077,070770447,"CARAVANA TIPO ""0"" JOSE MARIA PINO SUAREZ"
CSSSA012580,0705,07081,070810302,"CARAVANA TIPO ""0"" JOSE CASTILLO TIELEMANS"
CSSSA012592,0707,07089,070890710,"CARAVANA TIPO ""0"" PLAN CHANJALE"
CSSSA012604,0707,07089,070890452,"CARAVANA DE SALUD ""0"" TOQUIAN CHIQUITO"
CSSSA012616,0706,07096,070960045,"CARAVANA TIPO ""0"" CERRO MISOPA"
CSSSA012621,0706,07109,071090107,"CARAVANA TIPO ""0"" ARROYO CARRIZAL"
CSSSA012633,0706,07065,070650098,"CARAVANA TIPO ""0"" PUYIPA"
CSSSA012645,0706,07096,070960049,"CARAVANA TIPO ""0"" EL OCOTAL"
CSSSA012650,0706,07109,071090179,"CARAVANA TIPO ""0"" SANTA CANDELARIA"
CSSSA012662,0706,07077,070770195,"CARAVANA TIPO ""0""  CHAPAYAL"
CSSSA012674,0706,07059,070590011,"CARAVANA TIPO ""0"" LA ARENA"
CSSSA012686,0706,07109,071090156,"CARAVANA TIPO ""0"" ESPERANZA SÉTZER"
CSSSA012694,0701,07046,070460021,"CENTRO DE SALUD MICROREGIONAL CRISTOBAL COLON"
CSSSA012703,0701,07018,070180001,COAPILLA
CSSSA012712,0701,07098,070980010,"CENTRO DE SALUD MICROREGIONAL PONCIANO ARRIAGA"
CSSSA012721,0702,07066,070660107,"CARAVANA TIPO ""0"" LA VICTORIA"
CSSSA012730,0702,07111,071110002,"CARAVANA TIPO ""0"" APAS"
CSSSA012745,0703,07052,070520100,"CARAVANA TIPO ""0"" RÍO COROZAL"
CSSSA012754,0703,07052,070520243,"CARAVANA TIPO ""0"" SAN ANTONIO VENECIA"
CSSSA012763,0705,07047,070470051,"CARAVANA TIPO ""0"" PLAN PAREDÓN"
CSSSA012772,0705,07081,070810194,"CARAVANA TIPO ""0"" YUQUÍN"
CSSSA012781,0705,07014,070140056,"CARAVANA TIPO ""0"" SAN MIGUEL"
CSSSA012790,0705,07081,070810084,"CARAVANA TIPO ""0"" LAS LIMAS"
CSSSA012805,0706,07096,070960095,"CARAVANA TIPO ""0"" VILLAFLORES"
CSSSA012814,0706,07096,070960034,"CARAVANA TIPO ""0"" JOLNOPA GUADALUPE"
CSSSA012823,0706,07109,071090105,"CARAVANA TIPO ""0"" ESPERANZA TAKINUKUM"
CSSSA012832,0706,07077,070770210,"CARAVANA TIPO ""0"" LA CONCORDIA"
CSSSA012841,0706,07065,070650123,"CARAVANA TIPO ""0"" SAN JUAN CHANCALAITO"
CSSSA012850,0709,07059,070590156,"CARAVANA TIPO ""0"" EL PRADO"
CSSSA012865,0710,07006,070060050,"CENTRO JURISDICCIONAL DE VACUNOLOGÍA Y CAPACITACIÓN PARA LA SALUD DEL NIÑO"
CSSSA012874,0702,07112,071120016,"U. M. M. NAILCHÉN"
CSSSA012883,0702,07094,070940008,"U. M. M. SAN ISIDRO CHICHIUISTAN"
CSSSA012892,0702,07093,070930062,"U. M. M. LA LIBERTAD"
CSSSA012901,0702,07007,070070013,"U. M. M. LA MERCED"
CSSSA012910,0702,07022,070220010,"U. M. M. TZACUCUM"
CSSSA012925,0702,07023,070230026,"U. M. M. ICHINTÓN"
CSSSA012934,0702,07026,070260168,"U. M. M. JUAN DIEGO X OYEP"
CSSSA012943,0702,07064,070640020,"U. M. M. PACVILNA"
CSSSA012952,0702,07064,070640006,"U. M. M. CRUZTÓN"
CSSSA012961,0702,07075,070750036,"U. M. M. SAN MATEO"
CSSSA017166,0707,07051,070510046,"DR. SAMUEL LEÓN BRINDIS"
CSSSA017171,0707,07087,070870016,"MIGUEL ALEMÁN"
CSSSA017183,0707,07102,071020020,"VICENTE GUERRERO"
CSSSA017196,0701,07101,071010001,"LABORATORIO ESTATAL DE SALUD PÚBLICA"
CSSSA017201,0701,07101,071010001,"CENTRO ESTATAL DE TRANSFUSIÓN SANGUÍNEA"
CSSSA017213,0701,07101,071010001,"OFICINA ADMINISTRATIVA ESTATAL"
CSSSA017225,0701,07101,071010001,"OFICINA JURISDICCIONAL (TUXTLA GUTIÉRREZ)"
CSSSA017230,0702,07078,070780001,"OFICINA JURISDICCIONAL (SAN CRISTÓBAL DE LAS CASAS)"
CSSSA017242,0703,07019,070190001,"OFICINA JURISDICCIONAL (COMITÁN)"
CSSSA017254,0704,07108,071080001,"OFICINA JURISDICCIONAL (VILLAFLORES)"
CSSSA017266,0705,07068,070680001,"OFICINA JURISDICCIONAL (PICHUCALCO)"
CSSSA017271,0706,07065,070650001,"OFICINA JURISDICCIONAL (PALENQUE)"
CSSSA017283,0707,07089,070890001,"OFICINA JURISDICCIONAL (TAPACHULA)"
CSSSA017295,0708,07097,070970001,"OFICINA JURISDICCIONAL (TONALÁ)"
CSSSA017300,0709,07059,070590001,"OFICINA JURISDICCIONAL (OCOSINGO)"
CSSSA017312,0710,07057,070570001,"OFICINA JURISDICCIONAL (MOTOZINTLA)"
CSSSA017324,0701,07101,071010001,"ALMACÉN ESTATAL (TUXTLA GUTIÉRREZ)"
CSSSA017336,0701,07101,071010001,"ALMACÉN JURISDICCIONAL (TUXTLA GUTIÉRREZ)"
CSSSA017341,0702,07078,070780001,"ALMACÉN JURISDICCIONAL (SAN CRISTÓBAL DE LAS CASAS)"
CSSSA017353,0703,07019,070190001,"ALMACÉN JURISDICCIONAL (COMITÁN)"
CSSSA017365,0704,07108,071080001,"ALMACÉN JURISDICCIONAL (VILLAFLORES)"
CSSSA017370,0705,07068,070680001,"ALMACÉN JURISDICCIONAL (PICHUCALCO)"
CSSSA017382,0706,07065,070650001,"ALMACÉN JURISDICCIONAL (PALENQUE)"
CSSSA017394,0707,07089,070890001,"ALMACÉN JURISDICCIONAL (TAPACHULA)"
CSSSA017406,0708,07097,070970001,"ALMACÉN JURISDICCIONAL (TONALÁ)"
CSSSA017411,0709,07059,070590001,"ALMACÉN JURISDICCIONAL (OCOSINGO)"
CSSSA017435,0705,07043,070430105,"SAN VICENTE"
CSSSA017446,0709,07059,070590009,"AMADOR HERNÁNDEZ"
CSSSA017451,0709,07059,070591412,CANDELARIA
CSSSA017463,0709,07059,070590512,"EL JARDÍN"
CSSSA017475,0709,07031,070310444,"JOL ASHUPÁ"
CSSSA017480,0709,07031,070310333,RAMOSIL
CSSSA017492,0701,07101,071010001,"COORDINACIÓN ESTATAL DE VIH/SIDA/ITS (CAPASITS)"
CSSSA017504,0710,07070,070700001,"H. B. C. DEL PORVENIR"
CSSSA017516,0704,07107,071070200,"H. B. C. DE REVOLUCIÓN MEXICANA"
CSSSA017521,0705,07091,070910001,"H. B. C.  DE TAPILULA"
CSSSA017533,0702,07064,070640020,"CARAVANA DIGNIFICADA PACVILNA"
CSSSA017545,0702,07112,071120019,"LA PALMA"
CSSSA017550,0705,07039,070390147,"SAN JUAN EL AGUAJE"
CSSSA017562,0705,07025,070250007,"RÍO NEGRO"
CSSSA017574,0705,07074,070740019,"SAN MIGUEL 1a. SECCIÓN"
CSSSA017586,0705,07081,070810030,"LA CEIBA"
CSSSA017591,0705,07074,070740026,"RAFAEL PASCACIO GAMBOA"
CSSSA017603,0703,07030,070300019,"LAS FLORES"
CSSSA017615,0703,07034,070340037,"MONTE REDONDO"
CSSSA017620,0708,07097,070970032,"EL MANGUITO"
CSSSA017632,0706,07077,070770082,"SANTA MARÍA"
CSSSA017644,0706,07077,070770474,"TIENTIUL GRANDE (1RA. SECCIÓN)"
CSSSA017656,0706,07077,070770210,"LA CONCORDIA (MONTE GRANDE)"
CSSSA017661,0706,07065,070650712,"SAN JUAN TULIJA (SAN JUAN)"
CSSSA017673,0706,07065,070650191,ARIMATEA
CSSSA017685,0706,07114,071140017,"NUEVA REFORMA"
CSSSA017690,0701,07085,070850001,SOYALÓ
CSSSA017702,0703,07052,070520075,"NUEVO HUIXTÁN"
CSSSA017714,0703,07115,071150025,"NUEVO ARGENTINA"
CSSSA017726,0702,07049,070490001,"H. B. C. DE LARRAINZAR"
CSSSA017731,0706,07059,070590459,"H. B. C. DE SANTO DOMINGO"
CSSSA017743,0702,07022,070220014,"CENTRO DE SALUD MICROREGIONAL BALUNACO"
CSSSA017755,0702,07024,070240005,NATILTÓN
CSSSA017760,0702,07026,070260120,MAJUMPEPEN
CSSSA017772,0702,07026,070260073,TZAJALCHÉN
CSSSA017784,0702,07112,071120001,"SAN JUAN CANCUC"
CSSSA017796,0702,07119,071190001,"SANTIAGO EL PINAR"
CSSSA017801,0702,07111,071110001,ZINACANTÁN
CSSSA017813,0702,07094,070940028,"CARAVANA TIPO 3 TZAJALÁ"
CSSSA017825,0705,07067,070670036,"CARAVANA TIPO ""2"" EL TRIUNFO"
CSSSA017830,0706,07100,071000080,"CARAVANA TIPO ""2"" SOMBRA GRANDE"
CSSSA017842,0709,07031,070310809,"CARAVANA TIPO 1 CHEWAL MUQUENAL"
CSSSA017854,0709,07031,070310326,"CARAVANA TIPO 1 YA ALTZEMEN"
CSSSA017866,0701,07017,070170050,"CARAVANA TIPO 2 LA FLORIDA"
CSSSA017871,0709,07031,070310073,"CARAVANA DIGNIFICADA  EL EDÉN"
CSSSA017883,0704,07108,071080209,"PROGRESO AGRARIO"
CSSSA017895,0703,07052,070520005,"AQUILES SERDÁN"
CSSSA017900,0705,07045,070450001,"CENTRO DE SALUD MUNICIPAL IXTAPANGAJOYA"
CSSSA017912,0705,07084,070840001,"CENTRO DE SALUD MUNICIPAL SOLOSUCHIAPA"
CSSSA017924,0709,07082,070820001,SITALÁ
CSSSA017936,0704,07020,070201017,"NUEVO PARAÍSO"
CSSSA017941,0701,07017,070170932,"EL TEPEYAC"
CSSSA017953,0702,07038,070380106,"CARAVANA TIPO 2 SAN JOSÉ"
CSSSA017965,0702,07023,070230023,"CARAVANA TIPO ""2"" JOCOSIC"
CSSSA017970,0707,07003,070030093,"LAS LAURAS"
CSSSA017982,0707,07003,070030068,JIQUILPAN
CSSSA017994,0707,07051,070510699,"SOLO DIOS"
CSSSA018006,0707,07054,070540001,MAZATÁN
CSSSA018011,0707,07089,070890095,HIDALGO
CSSSA018023,0707,07089,070890179,"SAN NICOLÁS LAGARTERO"
CSSSA018035,0707,07089,070890871,"PLAYA LINDA"
CSSSA018040,0707,07089,070890001,"NUEVO MILENIO"
CSSSA018052,0706,07100,071000063,"CASA DE SALUD AGUA AZUL"
CSSSA018064,0709,07031,070310885,"JET-JÁ 2"
CSSSA018076,0709,07059,070590422,"EL GUANAL"
CSSSA018081,0709,07059,070590550,"BENITO JUÁREZ MIRAMAR"
CSSSA018093,0705,07062,070620139,"NUEVO JUAN DEL GRIJALVA"
CSSSA018105,0703,07052,070520060,LOMANTÁN
CSSSA018110,0703,07052,070520899,"SAN ARTURO LAS FLORES"
CSSSA018122,0703,07099,070990865,SABINALITO
CSSSA018134,0702,07112,071120012,"CARAVANA TIPO 0 JUC NIL"
CSSSA018146,0702,07066,070660077,"CARAVANA TIPO ""0"" SAN CARLOS CORRALITO"
CSSSA018151,0702,07066,070660187,"CARAVANA TIPO ""0"" SAN JOSÉ BUENAVISTA TERCERO"
CSSSA018163,0705,07068,070680008,"CARAVANA TIPO ""1"" CAMOAPA 1a. SECCIÓN"
CSSSA018175,0705,07118,071180003,"CARAVANA TIPO ""1"" JOTOLCHÉN"
CSSSA018180,0706,07100,071000038,"CARAVANA TIPO ""0""  FLOR DE CAFÉ"
CSSSA018192,0709,07082,070820042,"CARAVANA TIPO ""0"" POMILTIC"
CSSSA018204,0702,07007,070070068,"CARAVANA TIPO 0 SAN CARALAMPIO"
CSSSA018216,0709,07031,070310704,"CARAVANA TIPO 1 BUENAVISTA TENOJIB"
CSSSA018221,0709,07031,070310471,"CARAVANA TIPO ""3"" XANIL"
CSSSA018233,0709,07031,070310321,"CARAVANA TIPO ""3"" TEMÓ"
CSSSA018245,0709,07031,070310535,"CARAVANA TIPO ""0"" NUEVO PINO SUAREZ"
CSSSA018250,0709,07031,070310540,"CARAVANA TIPO ""0"" JOL CATARRAYA"
CSSSA018262,0709,07031,070310673,"CARAVANA TIPO ""0"" CHUTALILJÁ"
CSSSA018274,0701,07060,070600024,"CARAVANA TIPO ""0"" SANTO DOMINGO"
CSSSA018286,0701,07033,070330022,"CARAVANA TIPO 0 RIO NEGRO"
CSSSA018291,0702,07066,070660044,"CARAVANA TIPO 0 LOS MANGOS"
CSSSA018303,0702,07111,071110014,"CARAVANA TIPO ""1"" TIERRA BLANCA"
CSSSA018315,0705,07042,070420019,"CARAVANA TIPO ""0"" SANTA ANITA"
CSSSA018320,0709,07082,070820127,"CARAVANA TIPO 0 GUADALUPE MAZANIL"
CSSSA018332,0709,07082,070820012,"CARAVANA TIPO ""0"" CHABECLUMIL"
CSSSA018344,0709,07031,070310805,"CARAVANA TIPO 3 CENTRO JOLAKIL"
CSSSA018356,0702,07112,071120019,"CARAVANA TIPO ""0"" LA PALMA UNO"
CSSSA018361,0709,07031,070310278,"CARAVANA TIPO ""0""  JOL HICÂ´BATIL"
CSSSA018373,0701,07092,070920003,"CARAVANA TIPO 0 ADOLFO RUÍZ CORTÍNEZ"
CSSSA018385,0702,07049,070490038,"CARAVANA TIPO 0 POCOLTÓN"
CSSSA018390,0702,07049,070490025,"CARAVANA TIPO ""1"" MEONHO"
CSSSA018402,0709,07031,070310516,"CARAVANA TIPO 0 LOQU IB-JÁ"
CSSSA018414,0703,07052,070520001,"LAS MARGARITAS"
CSSSA018426,0703,07052,070520180,VERACRUZ
CSSSA018431,0701,07110,071100001,"CESSA SAN LUCAS"
CSSSA018443,0709,07004,070040004,"CENTRO DE SALUD MICROREGIONAL BELISARIO DOMÍNGUEZ"
CSSSA018455,0701,07101,071010001,"CAPASITS TUXTLA"
CSSSA018460,0709,07059,070591435,"CENTRO DE SALUD MICROREGIONAL YAXALA"
CSSSA018472,0709,07059,070590747,"CENTRO DE SALUD MICROREGIONAL  SAN MARTÍIN"
CSSSA018484,0709,07059,070590345,"CENTRO DE SALUD MICROREGIONAL LA REFORMA"
CSSSA018496,0709,07059,070592735,"CENTRO DE SALUD MICROREGIONAL LOS QUINICHEZ"
CSSSA018501,0709,07031,070310619,"CENTRO DE SALUD MICROREGIONAL EL CARMEN"
CSSSA018513,0709,07031,070310143,"CENTRO DE SALUD MICROREGIONAL PATELNÁ"
CSSSA018525,0709,07031,070310088,"CENTRO DE SALUD MICROREGIONAL BOLONTÓN"
CSSSA018530,0709,07031,070310356,"CENTRO DE SALUD MICROREGIONAL CRUCERO CHICH"
CSSSA018542,0709,07031,070310468,"CENTRO DE SALUD MICROREGIONAL EL MANGO"
CSSSA018554,0709,07031,070310587,"CENTRO DE SALUD MICROREGIONAL GOLOLTÓN"
CSSSA018566,0709,07031,070310248,"CENTRO DE SALUD MICROREGIONAL YULUBMAX"
CSSSA018571,0709,07031,070310175,"CENTRO DE SALUD MICROREGIOAAL SAN GABRIEL"
CSSSA018583,0710,07057,070570013,"BELISARIO DOMÍNGUEZ"
CSSSA018595,0707,07089,070890001,"TAPACHULA (U.N.E.M.E. SORID)"
CSSSA018600,0707,07089,070890001,"TAPACHULA (U.N.E.M.E. CAPACITS)"
CSSSA018612,0707,07089,070890001,"TAPACHULA (U.N.E.M.E. CAPA I )"
CSSSA018624,0707,07089,070890001,"TAPACHULA (U.N.E.M.E. CAPA II )"
CSSSA018636,0701,07101,071010001,"TUXTLA (U.N.E.M.E. CAPA)"
CSSSA018641,0708,07009,070090161,"VILLA DEL MAR"
CSSSA018653,0708,07069,070690005,CACHIMBO
CSSSA018665,0708,07069,070690038,"PUENTE MARGARITA"
CSSSA018670,0708,07097,070970028,"LA LAGUNA"
CSSSA018682,0708,07097,070970046,"LA POLKA"
CSSSA018694,0702,07078,070780001,"SAN CRISTÓBAL (U.N.E.M.E. ENFERMEDADES CRÓNICAS)"
CSSSA018706,0702,07078,070780001,"SAN CRISTÓBAL (U.N.E.M.E. CAPA NUEVA VIDA)"
CSSSA018711,0701,07101,071010001,"TUXTLA   (U.N.E.M.E. CRÓNICO DEGENERATIVOS)"
CSSSA018723,0707,07089,070890801,"LAS PALMERAS"
CSSSA018735,0701,07101,071010001,"TUXTLA   (U.N.E.M.E. CISAME)"
CSSSA018740,0708,07069,070690001,"H. B. C.  DR. RAFAEL ALFARO GONZÁLEZ PIJIJIAPAN"
CSSSA018752,0702,07094,070940001,"H. B. C. DE TEOPISCA"
CSSSA018764,0702,07078,070780001,"HOSPITAL DE LAS CULTURAS SAN CRISTOBAL DE LAS CASAS"
CSSSA018776,0703,07019,070190001,"HOSPITAL DE LA MUJER COMITÁN"
CSSSA018781,0703,07034,070340001,"H. B. C. DE FRONTERA COMALAPA"
CSSSA018793,0702,07022,070220001,"H. B. C. DE CHALCHIHUITÁN"
CSSSA018805,0701,07101,071010001,"CLÍNICA DE LA MUJER PONIENTE"
CSSSA018810,0701,07101,071010001,"BANCO DE SANGRE "" DR. DOMINGO CHANONA RODRÍGUEZ"""
CSSSA018822,0703,07052,070520133,"SAN JOSÉ ZAPOTAL"
CSSSA018834,0709,07031,070310053,"CENTRO DE SALUD MICROREGIONAL CHABAN"
CSSSA018846,0709,07031,070310289,"CENTRO DE SALUD MICROREGIONAL MUQUENAL"
CSSSA018851,0709,07031,070310042,"CENTRO DE SALUD MICROREGIONAL CARMEN XAQUILA"
CSSSA018863,0709,07031,070310073,"CENTRO DE SALUD MICROREGIONAL EL EDEN"
CSSSA018875,0704,07108,071080001,"HOSPITAL GENERAL BICENTENARIO VILLAFLORES"
CSSSA018880,0705,07074,070740014,"CENTRO DE SALUD RURAL MACAYO 3a. SECCIÓN"
CSSSA018892,0705,07067,070670018,"CENTRO DE SALUD RURAL LAGUNA GRANDE"
CSSSA018904,0705,07039,070390092,"CENTRO DE SALUD RURAL VILLA LUZ"
CSSSA018916,0703,07115,071150050,"CENTRO DE SALUD RURAL NUEVA SABANILLA"
CSSSA018921,0702,07066,070660042,"LAS LIMAS"
CSSSA018933,0702,07023,070230035,MACVILHO
CSSSA018945,0702,07113,071130005,ICO
CSSSA018950,0702,07023,070230022,CHILIMJOVELTIC
CSSSA018962,0703,07104,071040001,TZIMOL
CSSSA018974,0703,07019,070190001,"COMITÁN (U.N.E.M.E. CAPA)"
CSSSA018986,0703,07034,070340001,"FRONTERA COMALAPA  (U.N.E.M.E. CAPA)"
CSSSA018991,0702,07026,070260051,"CARAVANA TIPO 0 TZABALHÓ"
CSSSA019003,0702,07066,070660064,"CARAVANA TIPO 0 LA PROVIDENCIA"
CSSSA019015,0702,07038,070380011,"CARAVANA TIPO 0 JOCOSIC"
CSSSA019020,0709,07031,070310072,"CARAVANA TIPO 0 EL DURAZNAL SANTA FE"
CSSSA019032,0709,07031,070310538,"CARAVANA TIPO 0 BAWITZ TUTZILTIK"
CSSSA019044,0709,07031,070310452,"CARAVANA TIPO 0 SEGUNDO TZAJALCHÉN"
CSSSA019056,0709,07082,070820149,"CARAVANA TIPO 0 PARAÍSO CHICOTÁNIL"
CSSSA019061,0709,07031,070310442,"CARAVANA TIPO 0 YOCHIBJÁ"
CSSSA019073,0709,07031,070310680,"CARAVANA TIPO 0 UJCAYIL"
CSSSA019085,0701,07017,070170001,"CLÍNICA DE LA MUJER CINTALAPA"
CSSSA019090,0702,07078,070780001,"CLÍNICA DE LA MUJER SAN CRISTÓBAL DE LAS CASAS"
CSSSA019102,0705,07068,070680001,"CLÍNICA DE LA MUJER PICHUCALCO"
CSSSA019114,0706,07065,070650001,"CLÍNICA DE LA MUJER PALENQUE"
CSSSA019126,0708,07097,070970001,"CLÍNICA DE LA MUJER TONALÁ"
CSSSA019131,0701,07060,070600004,"CENTRO DE SALUD MICROREGIONAL CERRO JAQUIMA"
CSSSA019143,0701,07033,070330013,"CENTRO DE SALUD MICROREGIONAL SAN MIGUEL LA SARDINA"
CSSSA019155,0701,07060,070600007,"CENTRO DE SALUD MICROREGIONAL SAN JOSÉ PLAN OCOTAL"
CSSSA019160,0708,07097,070970001,"TONALÁ (UNEME CAPA)"
CSSSA019172,0706,07065,070650001,"PALENQUE (UNEME CAPA)"
CSSSA019184,0702,07026,070260024,"CENTRO DE SALUD MICROREGIONAL LA LIBERTAD"
CSSSA019196,0702,07064,070640025,"CENTRO DE SALUD MICROREGIONAL PASHTONTICJA"
CSSSA019201,0702,07023,070230172,"CENTRO DE SALUD MICROREGIONAL YUT BASH UNO"
CSSSA019213,0702,07026,070260019,"CENTRO DE SALUD MICROREGIONAL CHIMTIC"
CSSSA019225,0702,07026,070260134,"CENTRO DE SALUD MICROREGIONAL CHIXILTÓN"
CSSSA019230,0710,07006,070060033,"CENTRO DE SALUD MICROREGIONAL NUEVA MORELIA"
CSSSA019242,0705,07062,070620001,"H. B. C. DE OSTUACÁN"
CSSSA019254,0702,07112,071120026,"CENTRO DE SALUD MICROREGIONAL YASHNAIL"
CSSSA019266,0702,07112,071120028,"CENTRO DE SALUD MICROREGIONAL BAPUZ"
CSSSA019271,0702,07112,071120021,"CENTRO DE SALUD MICROREGIONAL TZULUWITZ"
CSSSA019283,0702,07112,071120005,"CENTRO DE SALUD MICROREGIONAL CHILOLJA"
CSSSA019295,0702,07112,071120009,"CENTRO DE SALUD MICROREGIONAL CHANCOLOM"
CSSSA019300,0702,07038,070380023,"CENTRO DE SALUD MICROREGIONAL SAN ANDRES PUERTO RICO"
CSSSA019312,0702,07038,070380063,"CENTRO DE SALUD MICROREGIONAL SANTA ROSA"
CSSSA019324,0702,07026,070260064,"CENTRO DE SALUD MICROREGIONAL YIBELJOJ"
CSSSA019336,0702,07093,070930039,"CENTRO DE SALUD MICROREGIONAL CAÑADA GRANDE"
CSSSA019341,0702,07026,070260030,"CENTRO DE SALUD MICROREGIONAL MAJOMUT"
CSSSA019353,0702,07024,070240008,"CENTRO DE SALUD MICROREGIONAL SIBERIA"
CSSSA019365,0702,07064,070640012,"CENTRO DE SALUD MICROREGIONAL CHULNA"
CSSSA019370,0702,07064,070640034,"CENTRO DE SALUD MICROREGIONAL TZOPILJA"
CSSSA019382,0702,07023,070230061,"CENTRO DE SALUD MICROREGIONAL TZAJALCHÉN"
CSSSA019394,0702,07023,070230014,"CENTRO DE SALUD MICROREGIONAL CATISHTIC"
CSSSA019406,0702,07023,070230030,"CENTRO DE SALUD MICROREGIONAL JOLBON"
CSSSA019411,0702,07023,070230081,"CENTRO DE SALUD MICROREGIONAL LAS MINAS"
CSSSA019423,0702,07023,070230043,"CENTRO DE SALUD MICROREGIONAL PAJALTÓN ALTO"
CSSSA019435,0702,07111,071110020,"CENTRO DE SALUD MICROREGIONAL PINAR SALINAS"
CSSSA019440,0702,07066,070660086,"CENTRO DE SALUD MICROREGIONAL SAN JOAQUIN"
CSSSA019452,0702,07064,070640029,"CENTRO DE SALUD MICROREGIONAL TOLBILJA"
CSSSA019464,0702,07026,070260053,"CENTRO DE SALUD MICROREGIONAL  ZANEMBOLOM"
CSSSA019476,0702,07064,070640001,"HOSPITAL BÁSICO COMUNITARIO OXCHUC"
CSSSA019481,0702,07023,070230001,"H. B. C. DE SAN JUAN CHAMULA"
CSSSA019493,0702,07119,071190001,"SANTIAGO EL PINAR"
CSSSA019505,0707,07089,070890001,"CLÍNICA DE LA MUJER TAPACHULA"
CSSSA019510,0706,07065,070650001,"PALENQUE (U.N.E.M.E. CIRUGÍA AMBULATORIA)"
CSSSA019522,0702,07113,071130001,ALDAMA
CSSSA019534,0701,07101,071010001,"TUXTLA (U.N.E.M.E. CIRUGÍA AMBULATORIA Y TORRE DE DIAGNÓSTICO)"
CSSSA019546,0703,07019,070190001,"CLÍNICA DE LA MUJER COMITÁN"
CSSSA019551,0704,07108,071080001,"CLÍNICA DE LA MUJER VILLAFLORES"
CSSSA019563,0705,07045,070450058,"CENTRO DE SALUD MICROREGIONAL LLANOS DE MORELOS 2a. SECCIÓN"
CSSSA019575,0705,07084,070840038,"CENTRO DE SALUD MICROREGIONAL NUEVO SAN ANTONIO"
CSSSA019580,0705,07062,070620075,"CENTRO DE SALUD MICROREGIONAL PEÑITAS EL MICO"
CSSSA019592,0705,07118,071180002,"CENTRO DE SALUD MICROREGIONAL RIVERA GALEANA"
CSSSA019604,0705,07005,070050098,"CENTRO DE SALUD MICROREGIONAL SAN LORENZO"
CSSSA019616,0705,07005,070050040,"CENTRO DE SALUD MICROREGIONAL FRANCISCO I. MADERO"
CSSSA019621,0705,07005,070050032,"CENTRO DE SALUD MICROREGIONAL LA ESPERANZA"
CSSSA019633,0701,07033,070330042,"CENTRO DE SALUD MICROREGIONAL RIVERA EL VIEJO CARMEN"
CSSSA019645,0709,07059,070590001,"H. B. C. DE OCOSINGO"
CSSSA019650,0709,07059,070591193,"CENTRO DE SALUD MICROREGIONAL TOMAS MUNZER"
CSSSA019662,0709,07059,070591216,"CARAVANA DIGNIFICADA  ATOTONILCO"
CSSSA019674,0709,07031,070310001,CHILÓN
CSSSA019686,0703,07115,071150043,"CENTRO DE SALUD MICROREGIONAL SANTO DOMINGO LAS PALMAS"
CSSSA019691,0709,07031,070310216,"CENTRO DE SALUD MICROREGIONAL TACUBA NUEVA"
CSSSA019703,0709,07031,070310278,"CENTRO DE SALUD MICROREGIONAL JOL HICÂ´BATIL"
CSSSA019715,0709,07031,070310026,"CENTRO DE SALUD MICROREGIONAL CACATEEL"
CSSSA019720,0709,07031,070310213,"CENTRO DE SALUD MICROREGIONAL SULUPHUITZ"
CSSSA019732,0709,07031,070310252,"CENTRO DE SALUD MICROREGIONAL TZASIBILTIC"
CSSSA019744,0709,07031,070310028,"CENTRO DE SALUD MICROREGIONAL FILADELFIA"
CSSSA019756,0709,07031,070310287,"CENTRO DE SALUD MICROREGIONAL XAXAJATIC"
CSSSA019761,0709,07031,070310711,"CENTRO DE SALUD MICROREGIONAL SAN ANTONIO LAS PALOMAS"
CSSSA019773,0709,07031,070310317,"CENTRO DE SALUD MICROREGIONAL CAMPO BOLONTINÁ"
CSSSA019785,0709,07031,070310117,"CENTRO DE SALUD MICROREGIONAL MAPIL"
CSSSA019790,0709,07031,070310333,"CENTRO DE SALUD MICROREGIONAL RAMOSIL (TZAJALNABIL)"
CSSSA019802,0709,07082,070820088,"CENTRO DE SALUD MICROREGIONAL INSURGENTES PICOTÉ"
CSSSA019814,0709,07082,070820102,"CENTRO DE SALUD MICROREGIONAL SANTA ISABEL"
CSSSA019826,0709,07082,070820187,"CENTRO DE SALUD MICROREGIONAL LA UNIÓN"
CSSSA019831,0706,07077,070770008,"CENTRO DE SALUD MICROREGIONAL ARROYO AGUA AZUL (MIRAFLORES)"
CSSSA019843,0706,07077,070770026,"CENTRO DE SALUD MICROREGIONAL CHUCHUCLUMIL"
CSSSA019855,0706,07077,070770065,"CENTRO DE SALUD MICROREGIONAL EL PROGRESO"
CSSSA019860,0706,07077,070770351,"CENTRO DE SALUD MICROREGIONAL TIENTIUL GRANDE 2a. SECCIÓN (AGUA POTABLE)"
CSSSA019872,0706,07100,071000017,"CENTRO DE SALUD MICROREGIONAL CUCTIEPA"
CSSSA019884,0706,07100,071000063,"CENTRO DE SALUD MICROREGIONAL ARROYO AGUA AZUL"
CSSSA019896,0706,07116,071160004,"CENTRO DE SALUD MICROREGIONAL AMÉRICA LIBRE"
CSSSA019901,0706,07116,071160003,"CENTRO DE SALUD MICROREGIONAL  LIC. ADOLFO LÓPEZ MATEOS"
CSSSA019913,0706,07116,071160009,"CENTRO DE SALUD MICROREGIONAL EMILIANO ZAPATA"
CSSSA019925,0709,07059,070593040,"CENTRO DE SALUD MICROREGIONAL EL IXCÁN"
CSSSA019930,0701,07012,070120059,"CENTRO DE SALUD MICROREGIONAL LAS MARAVILLAS"
CSSSA019942,0702,07064,070640040,"CENTRO DE SALUD MICROREGIONAL  EL RETIRO"
CSSSA019954,0701,07101,071010001,"HOSPITAL GENERAL DE TUXTLA GUTIERREZ"
CSSSA019966,0702,07113,071130009,"CENTRO DE SALUD MICROREGIONAL REVOLUCIÓN FIU"
CSSSA019971,0702,07022,070220017,"CENTRO DE SALUD MICROREGIONAL TZUNUNIL"
CSSSA019983,0706,07116,071160001,"ZAMORA PICO DE ORO"
CSSSA019995,0710,07057,070570240,"EL MIRADOR"
CSSSA020000,0703,07041,070410039,"OJO DE AGUA"
CSSSA020012,0703,07019,070190103,"SAN ANTONIO COPALAR"
CSSSA020024,0702,07078,070780067,"AGUA DE PAJARITO"
CSSSA020036,0703,07034,070340001,"CLÍNICA DE LA MUJER FRONTERA COMALAPA"
CSSSA020041,0705,07067,070670001,"CENTRO DE SALUD MICROREGIONAL PANTEPEC"
CSSSA020053,0708,07069,070690001,"CLÍNICA DE LA MUJER PIJIJIAPAN"
CSSSA020065,0706,07096,070960031,"CENTRO DE SALUD MICROREGIONAL JOLJÁ"
CSSSA020070,0703,07115,071150001,"MARAVILLA TENEJAPA"
CSSSA020082,0702,07026,070260174,"CENTRO DE SALUD MICROREGIONAL YIBELJOJ"
CSSSA020094,0702,07112,071120004,"CENTRO DE SALUD MICROREGIONAL CRUSILJÁ"
CSSSA020106,0705,07039,070390152,"CENTRO DE SALUD MICROREGIONAL RAMOS CUBILETE"
CSSSA020111,0705,07067,070670029,"CENTRO DE SALUD MICROREGIONAL SAN ISIDRO LAS BANDERAS"
CSSSA020123,0702,07026,070260023,"CENTRO DE SALUD MICROREGIONAL JOLXIC"
CSSSA020135,0709,07031,070310226,"CARAVANA TIPO 0 TZAJALÁ JERICÓ"
CSSSA020140,0709,07059,070590126,"CARAVANA TIPO 0 EL OCOTAL"
CSSSA020152,0705,07074,070740003,"CENTRO DE SALUD MIGUEL ALDAMA"
CSSSA020164,0701,07106,071060528,"SAN PEDRO EL PUY"
CSSSA020176,0701,07106,071060627,"LA GLORIA (LA TRANCA)"
CSSSA020181,0703,07041,070410001,"LA INDEPENDENCIA"
CSSSA020193,0705,07042,070420001,IXHUATÁN
CSSSA020205,0702,07049,070490026,"CENTRO DE SALUD MICROREGIONAL MUCTAHUITZ"
